user_id,first_name,last_name,email
U00001,Ronan,Collins,ronan.collins@email.ie
U00002,Grainne,Lynch,grainne.lynch@email.ie
U00003,Ronan,Kennedy,ronan.kennedy@email.ie
U00004,Oisin,O'Sullivan,oisin.osullivan@email.ie
U00005,Padraig,O'Neill,padraig.oneill@email.ie
U00006,Ciarán,Doyle,ciarán.doyle@email.ie
U00007,Eimear,Boyle,eimear.boyle@email.ie
U00008,Saoirse,Dunne,saoirse.dunne@email.ie
U00009,Tadhg,Donnelly,tadhg.donnelly@email.ie
U00010,Niamh,Daly,niamh.daly@email.ie
U00011,Colm,Dunne,colm.dunne@email.ie
U00012,Grainne,Maguire,grainne.maguire@email.ie
U00013,Ciara,Collins,ciara.collins@email.ie
U00014,Brendan,Doyle,brendan.doyle@email.ie
U00015,Grainne,Sheridan,grainne.sheridan@email.ie
U00016,Muireann,Hennessy,muireann.hennessy@email.ie
U00017,Tadhg,Murphy,tadhg.murphy@email.ie
U00018,Sorcha,Quinn,sorcha.quinn@email.ie
U00019,Noel,Doherty,noel.doherty@email.ie
U00020,Cormac,Hogan,cormac.hogan@email.ie
U00021,Liam,Hennessy,liam.hennessy@email.ie
U00022,Cathal,O'Connor,cathal.oconnor@email.ie
U00023,Sorcha,Keenan,sorcha.keenan@email.ie
U00024,Deirdre,Whelan,deirdre.whelan@email.ie
U00025,Brigid,Keenan,brigid.keenan@email.ie
U00026,Orla,Brennan,orla.brennan@email.ie
U00027,Ruairi,Maguire,ruairi.maguire@email.ie
U00028,Barry,Clarke,barry.clarke@email.ie
U00029,Sorcha,Smith,sorcha.smith@email.ie
U00030,Declan,Byrne,declan.byrne@email.ie
U00031,Sinead,Mullen,sinead.mullen@email.ie
U00032,Fionn,Kennedy,fionn.kennedy@email.ie
U00033,Tiernan,Higgins,tiernan.higgins@email.ie
U00034,Deirdre,Murphy,deirdre.murphy@email.ie
U00035,Brendan,O'Reilly,brendan.oreilly@email.ie
U00036,Ruairi,Fitzgerald,ruairi.fitzgerald@email.ie
U00037,Aoife,Kavanagh,aoife.kavanagh@email.ie
U00038,Fionn,O'Brien,fionn.obrien@email.ie
U00039,Dermot,Clarke,dermot.clarke@email.ie
U00040,Declan,Lynch,declan.lynch@email.ie
U00041,Brendan,Johnston,brendan.johnston@email.ie
U00042,Colm,Quinn,colm.quinn@email.ie
U00043,Dermot,O'Brien,dermot.obrien@email.ie
U00044,Tiernan,Johnston,tiernan.johnston@email.ie
U00045,Orla,O'Brien,orla.obrien@email.ie
U00046,Noel,Clarke,noel.clarke@email.ie
U00047,Liam,Murphy,liam.murphy@email.ie
U00048,Saoirse,Kavanagh,saoirse.kavanagh@email.ie
U00049,Conor,Farrell,conor.farrell@email.ie
U00050,Noel,Whelan,noel.whelan@email.ie
U00051,Fergus,Collins,fergus.collins@email.ie
U00052,Conor,Hogan,conor.hogan@email.ie
U00053,Fionn,Moore,fionn.moore@email.ie
U00054,Cormac,O'Neill,cormac.oneill@email.ie
U00055,Barry,Smith,barry.smith@email.ie
U00056,Muireann,Daly,muireann.daly@email.ie
U00057,Cathal,Higgins,cathal.higgins@email.ie
U00058,Clodagh,Maguire,clodagh.maguire@email.ie
U00059,Sean,Connolly,sean.connolly@email.ie
U00060,Caoimhe,Murphy,caoimhe.murphy@email.ie
U00061,Brigid,Hennessy,brigid.hennessy@email.ie
U00062,Colm,Murray,colm.murray@email.ie
U00063,Fergus,Quinn,fergus.quinn@email.ie
U00064,Sean,O'Reilly,sean.oreilly@email.ie
U00065,Darragh,Whelan,darragh.whelan@email.ie
U00066,Sorcha,Nolan,sorcha.nolan@email.ie
U00067,Brendan,Hogan,brendan.hogan@email.ie
U00068,Caoimhe,Mullen,caoimhe.mullen@email.ie
U00069,Ruairi,McCarthy,ruairi.mccarthy@email.ie
U00070,Colm,Quinn,colm.quinn@email.ie
U00071,Fergus,Murray,fergus.murray@email.ie
U00072,Siobhan,Moore,siobhan.moore@email.ie
U00073,Ronan,Keenan,ronan.keenan@email.ie
U00074,Padraig,Burke,padraig.burke@email.ie
U00075,Sean,Reilly,sean.reilly@email.ie
U00076,Ruairi,Cullen,ruairi.cullen@email.ie
U00077,Fionn,Kelly,fionn.kelly@email.ie
U00078,Patrick,Farrell,patrick.farrell@email.ie
U00079,Darragh,Brennan,darragh.brennan@email.ie
U00080,Declan,Hogan,declan.hogan@email.ie
U00081,Fergus,Moore,fergus.moore@email.ie
U00082,Saoirse,Hennessy,saoirse.hennessy@email.ie
U00083,Oisin,Kennedy,oisin.kennedy@email.ie
U00084,Niamh,O'Neill,niamh.oneill@email.ie
U00085,Ronan,Lynch,ronan.lynch@email.ie
U00086,Deirdre,Boyle,deirdre.boyle@email.ie
U00087,Aoife,Mullen,aoife.mullen@email.ie
U00088,Siobhan,Moore,siobhan.moore@email.ie
U00089,Brian,Whelan,brian.whelan@email.ie
U00090,Brigid,Fitzgerald,brigid.fitzgerald@email.ie
U00091,Declan,Lynch,declan.lynch@email.ie
U00092,Padraig,Dunne,padraig.dunne@email.ie
U00093,Aoife,O'Sullivan,aoife.osullivan@email.ie
U00094,Seamus,Quinn,seamus.quinn@email.ie
U00095,Donnacha,Flanagan,donnacha.flanagan@email.ie
U00096,Ruairi,Johnston,ruairi.johnston@email.ie
U00097,Dermot,Donnelly,dermot.donnelly@email.ie
U00098,Dermot,Connolly,dermot.connolly@email.ie
U00099,Orla,Hennessy,orla.hennessy@email.ie
U00100,Orla,Maguire,orla.maguire@email.ie
U00101,Fergus,Kelly,fergus.kelly@email.ie
U00102,Fionn,Reilly,fionn.reilly@email.ie
U00103,Seamus,Foley,seamus.foley@email.ie
U00104,Clodagh,Keenan,clodagh.keenan@email.ie
U00105,Sorcha,O'Connor,sorcha.oconnor@email.ie
U00106,Fionnuala,O'Sullivan,fionnuala.osullivan@email.ie
U00107,Ciarán,Keenan,ciarán.keenan@email.ie
U00108,Blathnaid,Walsh,blathnaid.walsh@email.ie
U00109,Donnacha,Ryan,donnacha.ryan@email.ie
U00110,Darragh,Campbell,darragh.campbell@email.ie
U00111,Sorcha,Quinn,sorcha.quinn@email.ie
U00112,Fionnuala,Doherty,fionnuala.doherty@email.ie
U00113,Siobhan,Gallagher,siobhan.gallagher@email.ie
U00114,Sean,Gallagher,sean.gallagher@email.ie
U00115,Clodagh,Smith,clodagh.smith@email.ie
U00116,Aisling,O'Neill,aisling.oneill@email.ie
U00117,Brigid,Lynch,brigid.lynch@email.ie
U00118,Eoin,Foley,eoin.foley@email.ie
U00119,Killian,Kavanagh,killian.kavanagh@email.ie
U00120,Seamus,Boyle,seamus.boyle@email.ie
U00121,Niamh,Doyle,niamh.doyle@email.ie
U00122,Brian,Maguire,brian.maguire@email.ie
U00123,Cathal,Lynch,cathal.lynch@email.ie
U00124,Fergus,Kennedy,fergus.kennedy@email.ie
U00125,Ruairi,Reilly,ruairi.reilly@email.ie
U00126,Caoimhe,O'Brien,caoimhe.obrien@email.ie
U00127,Nuala,Murray,nuala.murray@email.ie
U00128,Aoife,Reilly,aoife.reilly@email.ie
U00129,Brian,Mullen,brian.mullen@email.ie
U00130,Eimear,Daly,eimear.daly@email.ie
U00131,Padraig,Higgins,padraig.higgins@email.ie
U00132,Donnacha,Cullen,donnacha.cullen@email.ie
U00133,Eimear,Moore,eimear.moore@email.ie
U00134,Fionn,O'Neill,fionn.oneill@email.ie
U00135,Noel,Kelly,noel.kelly@email.ie
U00136,Fionnuala,Sheridan,fionnuala.sheridan@email.ie
U00137,Ciarán,Byrne,ciarán.byrne@email.ie
U00138,Ruairi,Reilly,ruairi.reilly@email.ie
U00139,Liadh,Ryan,liadh.ryan@email.ie
U00140,Tadhg,Daly,tadhg.daly@email.ie
U00141,Sorcha,Campbell,sorcha.campbell@email.ie
U00142,Maeve,Cullen,maeve.cullen@email.ie
U00143,Declan,Murphy,declan.murphy@email.ie
U00144,Niamh,Foley,niamh.foley@email.ie
U00145,Fionnuala,Hogan,fionnuala.hogan@email.ie
U00146,Ronan,Kennedy,ronan.kennedy@email.ie
U00147,Clodagh,Dunne,clodagh.dunne@email.ie
U00148,Barry,Sheridan,barry.sheridan@email.ie
U00149,Cathal,Doyle,cathal.doyle@email.ie
U00150,Aoife,Johnston,aoife.johnston@email.ie
U00151,Conor,Flynn,conor.flynn@email.ie
U00152,Noel,Smith,noel.smith@email.ie
U00153,Noel,Flynn,noel.flynn@email.ie
U00154,Conor,Doherty,conor.doherty@email.ie
U00155,Sean,Cullen,sean.cullen@email.ie
U00156,Donnacha,Campbell,donnacha.campbell@email.ie
U00157,Oisin,Daly,oisin.daly@email.ie
U00158,Killian,Mullen,killian.mullen@email.ie
U00159,Seamus,Quinn,seamus.quinn@email.ie
U00160,Grainne,Flanagan,grainne.flanagan@email.ie
U00161,Ciarán,Foley,ciarán.foley@email.ie
U00162,Barry,Gallagher,barry.gallagher@email.ie
U00163,Sorcha,O'Connor,sorcha.oconnor@email.ie
U00164,Nuala,Flanagan,nuala.flanagan@email.ie
U00165,Sorcha,McCarthy,sorcha.mccarthy@email.ie
U00166,Sinead,Doyle,sinead.doyle@email.ie
U00167,Sinead,Lawlor,sinead.lawlor@email.ie
U00168,Declan,Byrne,declan.byrne@email.ie
U00169,Conor,O'Connor,conor.oconnor@email.ie
U00170,Brendan,Mullen,brendan.mullen@email.ie
U00171,Siobhan,Kelly,siobhan.kelly@email.ie
U00172,Cormac,Maguire,cormac.maguire@email.ie
U00173,Aoife,O'Sullivan,aoife.osullivan@email.ie
U00174,Blathnaid,Doherty,blathnaid.doherty@email.ie
U00175,Saoirse,O'Reilly,saoirse.oreilly@email.ie
U00176,Ciarán,Campbell,ciarán.campbell@email.ie
U00177,Colm,Burke,colm.burke@email.ie
U00178,Declan,Daly,declan.daly@email.ie
U00179,Colm,Mullen,colm.mullen@email.ie
U00180,Tiernan,Foley,tiernan.foley@email.ie
U00181,Barry,O'Neill,barry.oneill@email.ie
U00182,Tiernan,Walsh,tiernan.walsh@email.ie
U00183,Maeve,Smith,maeve.smith@email.ie
U00184,Liam,Connolly,liam.connolly@email.ie
U00185,Darragh,Higgins,darragh.higgins@email.ie
U00186,Tadhg,Byrne,tadhg.byrne@email.ie
U00187,Fergus,Keenan,fergus.keenan@email.ie
U00188,Ciarán,Power,ciarán.power@email.ie
U00189,Blathnaid,Quinn,blathnaid.quinn@email.ie
U00190,Nuala,O'Reilly,nuala.oreilly@email.ie
U00191,Colm,O'Reilly,colm.oreilly@email.ie
U00192,Aoife,Kelly,aoife.kelly@email.ie
U00193,Niamh,Power,niamh.power@email.ie
U00194,Aoife,Higgins,aoife.higgins@email.ie
U00195,Liam,Kennedy,liam.kennedy@email.ie
U00196,Ruairi,Murphy,ruairi.murphy@email.ie
U00197,Aoife,Maguire,aoife.maguire@email.ie
U00198,Kevin,Doherty,kevin.doherty@email.ie
U00199,Donnacha,Higgins,donnacha.higgins@email.ie
U00200,Cathal,Flanagan,cathal.flanagan@email.ie
U00201,Oisin,Johnston,oisin.johnston@email.ie
U00202,Patrick,Flanagan,patrick.flanagan@email.ie
U00203,Seamus,Burke,seamus.burke@email.ie
U00204,Padraig,Reilly,padraig.reilly@email.ie
U00205,Patrick,O'Sullivan,patrick.osullivan@email.ie
U00206,Sorcha,Nolan,sorcha.nolan@email.ie
U00207,Niamh,Keenan,niamh.keenan@email.ie
U00208,Eoin,Hogan,eoin.hogan@email.ie
U00209,Ciara,Smith,ciara.smith@email.ie
U00210,Sean,Farrell,sean.farrell@email.ie
U00211,Siobhan,Kennedy,siobhan.kennedy@email.ie
U00212,Conor,Johnston,conor.johnston@email.ie
U00213,Donnacha,Whelan,donnacha.whelan@email.ie
U00214,Patrick,Whelan,patrick.whelan@email.ie
U00215,Aisling,Nolan,aisling.nolan@email.ie
U00216,Ronan,O'Neill,ronan.oneill@email.ie
U00217,Grainne,Collins,grainne.collins@email.ie
U00218,Roisin,Farrell,roisin.farrell@email.ie
U00219,Tadhg,Keenan,tadhg.keenan@email.ie
U00220,Eimear,Ryan,eimear.ryan@email.ie
U00221,Brian,Collins,brian.collins@email.ie
U00222,Maeve,Brennan,maeve.brennan@email.ie
U00223,Niamh,McCarthy,niamh.mccarthy@email.ie
U00224,Niamh,Murray,niamh.murray@email.ie
U00225,Niamh,Mullen,niamh.mullen@email.ie
U00226,Tiernan,Flynn,tiernan.flynn@email.ie
U00227,Eimear,O'Reilly,eimear.oreilly@email.ie
U00228,Fionnuala,Murray,fionnuala.murray@email.ie
U00229,Liadh,Smith,liadh.smith@email.ie
U00230,Sinead,Brennan,sinead.brennan@email.ie
U00231,Fionn,Hennessy,fionn.hennessy@email.ie
U00232,Ciarán,O'Reilly,ciarán.oreilly@email.ie
U00233,Aisling,Fitzgerald,aisling.fitzgerald@email.ie
U00234,Sean,O'Sullivan,sean.osullivan@email.ie
U00235,Cormac,Kennedy,cormac.kennedy@email.ie
U00236,Sorcha,Connolly,sorcha.connolly@email.ie
U00237,Sean,Johnston,sean.johnston@email.ie
U00238,Darragh,Campbell,darragh.campbell@email.ie
U00239,Oisin,Dunne,oisin.dunne@email.ie
U00240,Noel,O'Brien,noel.obrien@email.ie
U00241,Nuala,Clarke,nuala.clarke@email.ie
U00242,Sean,O'Neill,sean.oneill@email.ie
U00243,Donnacha,Donnelly,donnacha.donnelly@email.ie
U00244,Tadhg,Fitzgerald,tadhg.fitzgerald@email.ie
U00245,Ronan,Hogan,ronan.hogan@email.ie
U00246,Ciara,Clarke,ciara.clarke@email.ie
U00247,Clodagh,Daly,clodagh.daly@email.ie
U00248,Saoirse,Walsh,saoirse.walsh@email.ie
U00249,Barry,Clarke,barry.clarke@email.ie
U00250,Brigid,Lynch,brigid.lynch@email.ie
U00251,Caoimhe,Burke,caoimhe.burke@email.ie
U00252,Cormac,Keenan,cormac.keenan@email.ie
U00253,Fergus,Gallagher,fergus.gallagher@email.ie
U00254,Nuala,Mullen,nuala.mullen@email.ie
U00255,Fionnuala,Dunne,fionnuala.dunne@email.ie
U00256,Seamus,Nolan,seamus.nolan@email.ie
U00257,Liam,Farrell,liam.farrell@email.ie
U00258,Darragh,Quinn,darragh.quinn@email.ie
U00259,Fionnuala,Foley,fionnuala.foley@email.ie
U00260,Noel,McCarthy,noel.mccarthy@email.ie
U00261,Aisling,Byrne,aisling.byrne@email.ie
U00262,Killian,Murphy,killian.murphy@email.ie
U00263,Siobhan,O'Reilly,siobhan.oreilly@email.ie
U00264,Declan,Flynn,declan.flynn@email.ie
U00265,Padraig,Doyle,padraig.doyle@email.ie
U00266,Ciarán,Reilly,ciarán.reilly@email.ie
U00267,Siobhan,Reilly,siobhan.reilly@email.ie
U00268,Ronan,Murphy,ronan.murphy@email.ie
U00269,Brendan,Johnston,brendan.johnston@email.ie
U00270,Liam,Power,liam.power@email.ie
U00271,Cormac,Lynch,cormac.lynch@email.ie
U00272,Brian,O'Brien,brian.obrien@email.ie
U00273,Caoimhe,Connolly,caoimhe.connolly@email.ie
U00274,Darragh,Murray,darragh.murray@email.ie
U00275,Liam,Moore,liam.moore@email.ie
U00276,Dermot,Clarke,dermot.clarke@email.ie
U00277,Brendan,Doyle,brendan.doyle@email.ie
U00278,Colm,Keenan,colm.keenan@email.ie
U00279,Eimear,O'Reilly,eimear.oreilly@email.ie
U00280,Saoirse,Foley,saoirse.foley@email.ie
U00281,Oisin,Whelan,oisin.whelan@email.ie
U00282,Maeve,Flynn,maeve.flynn@email.ie
U00283,Fionnuala,Brennan,fionnuala.brennan@email.ie
U00284,Kevin,Collins,kevin.collins@email.ie
U00285,Oisin,Boyle,oisin.boyle@email.ie
U00286,Brigid,Fitzgerald,brigid.fitzgerald@email.ie
U00287,Liam,Connolly,liam.connolly@email.ie
U00288,Grainne,Burke,grainne.burke@email.ie
U00289,Maeve,Foley,maeve.foley@email.ie
U00290,Eimear,Brennan,eimear.brennan@email.ie
U00291,Sorcha,Boyle,sorcha.boyle@email.ie
U00292,Brendan,Cullen,brendan.cullen@email.ie
U00293,Cathal,Cullen,cathal.cullen@email.ie
U00294,Muireann,Kennedy,muireann.kennedy@email.ie
U00295,Tiernan,Mullen,tiernan.mullen@email.ie
U00296,Niamh,Doyle,niamh.doyle@email.ie
U00297,Brendan,Byrne,brendan.byrne@email.ie
U00298,Tadhg,Ryan,tadhg.ryan@email.ie
U00299,Eimear,O'Brien,eimear.obrien@email.ie
U00300,Declan,O'Reilly,declan.oreilly@email.ie
U00301,Patrick,Doyle,patrick.doyle@email.ie
U00302,Barry,Mullen,barry.mullen@email.ie
U00303,Fionn,Brennan,fionn.brennan@email.ie
U00304,Brendan,Gallagher,brendan.gallagher@email.ie
U00305,Brigid,Fitzgerald,brigid.fitzgerald@email.ie
U00306,Oisin,Donnelly,oisin.donnelly@email.ie
U00307,Blathnaid,Connolly,blathnaid.connolly@email.ie
U00308,Nuala,Kavanagh,nuala.kavanagh@email.ie
U00309,Kevin,Flanagan,kevin.flanagan@email.ie
U00310,Eoin,Burke,eoin.burke@email.ie
U00311,Eoin,Murphy,eoin.murphy@email.ie
U00312,Fionnuala,Lynch,fionnuala.lynch@email.ie
U00313,Oisin,Flanagan,oisin.flanagan@email.ie
U00314,Fergus,Clarke,fergus.clarke@email.ie
U00315,Ciarán,Donnelly,ciarán.donnelly@email.ie
U00316,Ciarán,O'Neill,ciarán.oneill@email.ie
U00317,Maeve,Higgins,maeve.higgins@email.ie
U00318,Fionnuala,Doyle,fionnuala.doyle@email.ie
U00319,Cathal,Reilly,cathal.reilly@email.ie
U00320,Grainne,Flynn,grainne.flynn@email.ie
U00321,Ciarán,Higgins,ciarán.higgins@email.ie
U00322,Cathal,O'Brien,cathal.obrien@email.ie
U00323,Killian,Moore,killian.moore@email.ie
U00324,Oisin,Johnston,oisin.johnston@email.ie
U00325,Fergus,Ryan,fergus.ryan@email.ie
U00326,Cathal,Lynch,cathal.lynch@email.ie
U00327,Darragh,Lynch,darragh.lynch@email.ie
U00328,Seamus,Fitzgerald,seamus.fitzgerald@email.ie
U00329,Maeve,Farrell,maeve.farrell@email.ie
U00330,Deirdre,Flanagan,deirdre.flanagan@email.ie
U00331,Liam,Hogan,liam.hogan@email.ie
U00332,Clodagh,Daly,clodagh.daly@email.ie
U00333,Liadh,Moore,liadh.moore@email.ie
U00334,Brian,Fitzgerald,brian.fitzgerald@email.ie
U00335,Orla,Campbell,orla.campbell@email.ie
U00336,Cormac,Farrell,cormac.farrell@email.ie
U00337,Liadh,O'Brien,liadh.obrien@email.ie
U00338,Padraig,Power,padraig.power@email.ie
U00339,Aoife,Doyle,aoife.doyle@email.ie
U00340,Fergus,Boyle,fergus.boyle@email.ie
U00341,Ciarán,Walsh,ciarán.walsh@email.ie
U00342,Sean,Reilly,sean.reilly@email.ie
U00343,Ciarán,Dunne,ciarán.dunne@email.ie
U00344,Patrick,Doyle,patrick.doyle@email.ie
U00345,Caoimhe,Byrne,caoimhe.byrne@email.ie
U00346,Liam,Byrne,liam.byrne@email.ie
U00347,Ciarán,Farrell,ciarán.farrell@email.ie
U00348,Fionn,Hogan,fionn.hogan@email.ie
U00349,Eimear,Campbell,eimear.campbell@email.ie
U00350,Blathnaid,Murphy,blathnaid.murphy@email.ie
U00351,Liadh,Burke,liadh.burke@email.ie
U00352,Ciara,Walsh,ciara.walsh@email.ie
U00353,Orla,Murphy,orla.murphy@email.ie
U00354,Noel,Lawlor,noel.lawlor@email.ie
U00355,Darragh,Flynn,darragh.flynn@email.ie
U00356,Noel,Murray,noel.murray@email.ie
U00357,Aoife,O'Sullivan,aoife.osullivan@email.ie
U00358,Sinead,Fitzgerald,sinead.fitzgerald@email.ie
U00359,Aisling,Campbell,aisling.campbell@email.ie
U00360,Colm,Kelly,colm.kelly@email.ie
U00361,Aisling,Farrell,aisling.farrell@email.ie
U00362,Siobhan,Donnelly,siobhan.donnelly@email.ie
U00363,Blathnaid,Brennan,blathnaid.brennan@email.ie
U00364,Ciarán,O'Reilly,ciarán.oreilly@email.ie
U00365,Seamus,Keenan,seamus.keenan@email.ie
U00366,Ciarán,O'Sullivan,ciarán.osullivan@email.ie
U00367,Nuala,Ryan,nuala.ryan@email.ie
U00368,Brigid,Burke,brigid.burke@email.ie
U00369,Blathnaid,Campbell,blathnaid.campbell@email.ie
U00370,Sorcha,Johnston,sorcha.johnston@email.ie
U00371,Barry,Sheridan,barry.sheridan@email.ie
U00372,Conor,Fitzgerald,conor.fitzgerald@email.ie
U00373,Dermot,Maguire,dermot.maguire@email.ie
U00374,Liam,Donnelly,liam.donnelly@email.ie
U00375,Donnacha,Connolly,donnacha.connolly@email.ie
U00376,Seamus,Donnelly,seamus.donnelly@email.ie
U00377,Fergus,Walsh,fergus.walsh@email.ie
U00378,Killian,Flynn,killian.flynn@email.ie
U00379,Ruairi,Donnelly,ruairi.donnelly@email.ie
U00380,Patrick,Sheridan,patrick.sheridan@email.ie
U00381,Clodagh,Fitzgerald,clodagh.fitzgerald@email.ie
U00382,Niamh,Kelly,niamh.kelly@email.ie
U00383,Tiernan,Nolan,tiernan.nolan@email.ie
U00384,Caoimhe,Cullen,caoimhe.cullen@email.ie
U00385,Conor,Ryan,conor.ryan@email.ie
U00386,Grainne,Gallagher,grainne.gallagher@email.ie
U00387,Padraig,Lawlor,padraig.lawlor@email.ie
U00388,Killian,Johnston,killian.johnston@email.ie
U00389,Darragh,Dunne,darragh.dunne@email.ie
U00390,Niamh,Flynn,niamh.flynn@email.ie
U00391,Eoin,Dunne,eoin.dunne@email.ie
U00392,Donnacha,Walsh,donnacha.walsh@email.ie
U00393,Seamus,Hogan,seamus.hogan@email.ie
U00394,Nuala,Doherty,nuala.doherty@email.ie
U00395,Padraig,O'Sullivan,padraig.osullivan@email.ie
U00396,Fionnuala,Burke,fionnuala.burke@email.ie
U00397,Clodagh,Brennan,clodagh.brennan@email.ie
U00398,Cormac,Flynn,cormac.flynn@email.ie
U00399,Cathal,Power,cathal.power@email.ie
U00400,Ciarán,McCarthy,ciarán.mccarthy@email.ie
U00401,Dermot,Whelan,dermot.whelan@email.ie
U00402,Aoife,Kavanagh,aoife.kavanagh@email.ie
U00403,Ronan,Higgins,ronan.higgins@email.ie
U00404,Clodagh,Fitzgerald,clodagh.fitzgerald@email.ie
U00405,Declan,O'Reilly,declan.oreilly@email.ie
U00406,Brendan,Murphy,brendan.murphy@email.ie
U00407,Tadhg,O'Neill,tadhg.oneill@email.ie
U00408,Blathnaid,Gallagher,blathnaid.gallagher@email.ie
U00409,Seamus,Johnston,seamus.johnston@email.ie
U00410,Ronan,Kavanagh,ronan.kavanagh@email.ie
U00411,Deirdre,Sheridan,deirdre.sheridan@email.ie
U00412,Eoin,Ryan,eoin.ryan@email.ie
U00413,Padraig,O'Sullivan,padraig.osullivan@email.ie
U00414,Darragh,Murphy,darragh.murphy@email.ie
U00415,Conor,Reilly,conor.reilly@email.ie
U00416,Dermot,Doyle,dermot.doyle@email.ie
U00417,Aoife,O'Sullivan,aoife.osullivan@email.ie
U00418,Sorcha,Flanagan,sorcha.flanagan@email.ie
U00419,Killian,Kelly,killian.kelly@email.ie
U00420,Conor,Reilly,conor.reilly@email.ie
U00421,Darragh,Daly,darragh.daly@email.ie
U00422,Oisin,Lynch,oisin.lynch@email.ie
U00423,Eimear,Lawlor,eimear.lawlor@email.ie
U00424,Declan,O'Neill,declan.oneill@email.ie
U00425,Eoin,O'Connor,eoin.oconnor@email.ie
U00426,Sean,Maguire,sean.maguire@email.ie
U00427,Blathnaid,Reilly,blathnaid.reilly@email.ie
U00428,Tadhg,Hogan,tadhg.hogan@email.ie
U00429,Brendan,Kelly,brendan.kelly@email.ie
U00430,Darragh,Kennedy,darragh.kennedy@email.ie
U00431,Clodagh,Boyle,clodagh.boyle@email.ie
U00432,Orla,Doyle,orla.doyle@email.ie
U00433,Patrick,Daly,patrick.daly@email.ie
U00434,Eoin,Campbell,eoin.campbell@email.ie
U00435,Sorcha,Sheridan,sorcha.sheridan@email.ie
U00436,Niamh,Keenan,niamh.keenan@email.ie
U00437,Saoirse,Clarke,saoirse.clarke@email.ie
U00438,Fionnuala,Keenan,fionnuala.keenan@email.ie
U00439,Nuala,Keenan,nuala.keenan@email.ie
U00440,Roisin,Ryan,roisin.ryan@email.ie
U00441,Roisin,Ryan,roisin.ryan@email.ie
U00442,Ruairi,O'Brien,ruairi.obrien@email.ie
U00443,Sorcha,Flynn,sorcha.flynn@email.ie
U00444,Deirdre,Cullen,deirdre.cullen@email.ie
U00445,Fergus,Power,fergus.power@email.ie
U00446,Fionn,Foley,fionn.foley@email.ie
U00447,Clodagh,Ryan,clodagh.ryan@email.ie
U00448,Brigid,Hogan,brigid.hogan@email.ie
U00449,Aoife,Brennan,aoife.brennan@email.ie
U00450,Fergus,Mullen,fergus.mullen@email.ie
U00451,Caoimhe,Ryan,caoimhe.ryan@email.ie
U00452,Eoin,Moore,eoin.moore@email.ie
U00453,Donnacha,Gallagher,donnacha.gallagher@email.ie
U00454,Ruairi,Murphy,ruairi.murphy@email.ie
U00455,Aoife,Flanagan,aoife.flanagan@email.ie
U00456,Patrick,Lynch,patrick.lynch@email.ie
U00457,Eimear,Donnelly,eimear.donnelly@email.ie
U00458,Fergus,O'Sullivan,fergus.osullivan@email.ie
U00459,Brigid,O'Reilly,brigid.oreilly@email.ie
U00460,Tiernan,Mullen,tiernan.mullen@email.ie
U00461,Nuala,Doyle,nuala.doyle@email.ie
U00462,Dermot,Maguire,dermot.maguire@email.ie
U00463,Muireann,Daly,muireann.daly@email.ie
U00464,Padraig,Mullen,padraig.mullen@email.ie
U00465,Colm,Kavanagh,colm.kavanagh@email.ie
U00466,Maeve,Flanagan,maeve.flanagan@email.ie
U00467,Saoirse,Cullen,saoirse.cullen@email.ie
U00468,Liadh,Higgins,liadh.higgins@email.ie
U00469,Seamus,Flanagan,seamus.flanagan@email.ie
U00470,Darragh,Kavanagh,darragh.kavanagh@email.ie
U00471,Patrick,Walsh,patrick.walsh@email.ie
U00472,Eoin,Murray,eoin.murray@email.ie
U00473,Aoife,Murphy,aoife.murphy@email.ie
U00474,Muireann,Burke,muireann.burke@email.ie
U00475,Muireann,O'Brien,muireann.obrien@email.ie
U00476,Oisin,O'Reilly,oisin.oreilly@email.ie
U00477,Niamh,Quinn,niamh.quinn@email.ie
U00478,Aoife,Reilly,aoife.reilly@email.ie
U00479,Brigid,O'Reilly,brigid.oreilly@email.ie
U00480,Ciara,Hogan,ciara.hogan@email.ie
U00481,Fergus,Reilly,fergus.reilly@email.ie
U00482,Noel,Farrell,noel.farrell@email.ie
U00483,Liam,Clarke,liam.clarke@email.ie
U00484,Saoirse,Keenan,saoirse.keenan@email.ie
U00485,Barry,Byrne,barry.byrne@email.ie
U00486,Conor,Kavanagh,conor.kavanagh@email.ie
U00487,Conor,Whelan,conor.whelan@email.ie
U00488,Ruairi,Cullen,ruairi.cullen@email.ie
U00489,Eoin,Fitzgerald,eoin.fitzgerald@email.ie
U00490,Killian,Johnston,killian.johnston@email.ie
U00491,Dermot,Kavanagh,dermot.kavanagh@email.ie
U00492,Eimear,Kelly,eimear.kelly@email.ie
U00493,Fergus,Boyle,fergus.boyle@email.ie
U00494,Blathnaid,Keenan,blathnaid.keenan@email.ie
U00495,Deirdre,Hennessy,deirdre.hennessy@email.ie
U00496,Aisling,O'Connor,aisling.oconnor@email.ie
U00497,Siobhan,Flynn,siobhan.flynn@email.ie
U00498,Darragh,Walsh,darragh.walsh@email.ie
U00499,Nuala,Keenan,nuala.keenan@email.ie
U00500,Padraig,O'Brien,padraig.obrien@email.ie
U00501,Brian,Reilly,brian.reilly@email.ie
U00502,Ciara,Murphy,ciara.murphy@email.ie
U00503,Ciarán,Maguire,ciarán.maguire@email.ie
U00504,Brigid,Collins,brigid.collins@email.ie
U00505,Aisling,Walsh,aisling.walsh@email.ie
U00506,Colm,Hogan,colm.hogan@email.ie
U00507,Eoin,Campbell,eoin.campbell@email.ie
U00508,Colm,Gallagher,colm.gallagher@email.ie
U00509,Blathnaid,Ryan,blathnaid.ryan@email.ie
U00510,Muireann,Lynch,muireann.lynch@email.ie
U00511,Eimear,Byrne,eimear.byrne@email.ie
U00512,Fionnuala,Mullen,fionnuala.mullen@email.ie
U00513,Cathal,Ryan,cathal.ryan@email.ie
U00514,Eoin,Kennedy,eoin.kennedy@email.ie
U00515,Sorcha,O'Neill,sorcha.oneill@email.ie
U00516,Cathal,Johnston,cathal.johnston@email.ie
U00517,Tadhg,Flanagan,tadhg.flanagan@email.ie
U00518,Conor,Murphy,conor.murphy@email.ie
U00519,Sorcha,Murphy,sorcha.murphy@email.ie
U00520,Nuala,Farrell,nuala.farrell@email.ie
U00521,Dermot,Cullen,dermot.cullen@email.ie
U00522,Barry,Daly,barry.daly@email.ie
U00523,Tadhg,O'Neill,tadhg.oneill@email.ie
U00524,Tiernan,Fitzgerald,tiernan.fitzgerald@email.ie
U00525,Ciara,Doherty,ciara.doherty@email.ie
U00526,Eimear,Cullen,eimear.cullen@email.ie
U00527,Maeve,Reilly,maeve.reilly@email.ie
U00528,Orla,O'Brien,orla.obrien@email.ie
U00529,Sorcha,Fitzgerald,sorcha.fitzgerald@email.ie
U00530,Clodagh,Power,clodagh.power@email.ie
U00531,Blathnaid,Walsh,blathnaid.walsh@email.ie
U00532,Saoirse,Smith,saoirse.smith@email.ie
U00533,Noel,Byrne,noel.byrne@email.ie
U00534,Ciarán,Connolly,ciarán.connolly@email.ie
U00535,Deirdre,Kavanagh,deirdre.kavanagh@email.ie
U00536,Maeve,Byrne,maeve.byrne@email.ie
U00537,Sinead,Kelly,sinead.kelly@email.ie
U00538,Ciarán,Doherty,ciarán.doherty@email.ie
U00539,Brian,Walsh,brian.walsh@email.ie
U00540,Padraig,Quinn,padraig.quinn@email.ie
U00541,Dermot,Hennessy,dermot.hennessy@email.ie
U00542,Oisin,Collins,oisin.collins@email.ie
U00543,Grainne,O'Connor,grainne.oconnor@email.ie
U00544,Tiernan,Kavanagh,tiernan.kavanagh@email.ie
U00545,Eimear,Keenan,eimear.keenan@email.ie
U00546,Fionn,Gallagher,fionn.gallagher@email.ie
U00547,Patrick,Keenan,patrick.keenan@email.ie
U00548,Orla,Kennedy,orla.kennedy@email.ie
U00549,Eoin,Lawlor,eoin.lawlor@email.ie
U00550,Tadhg,Doherty,tadhg.doherty@email.ie
U00551,Brian,Cullen,brian.cullen@email.ie
U00552,Eoin,Kennedy,eoin.kennedy@email.ie
U00553,Kevin,Farrell,kevin.farrell@email.ie
U00554,Ruairi,Connolly,ruairi.connolly@email.ie
U00555,Ciarán,Brennan,ciarán.brennan@email.ie
U00556,Liam,Foley,liam.foley@email.ie
U00557,Sorcha,Power,sorcha.power@email.ie
U00558,Padraig,Dunne,padraig.dunne@email.ie
U00559,Declan,Daly,declan.daly@email.ie
U00560,Liam,Doherty,liam.doherty@email.ie
U00561,Deirdre,Sheridan,deirdre.sheridan@email.ie
U00562,Grainne,Fitzgerald,grainne.fitzgerald@email.ie
U00563,Caoimhe,Ryan,caoimhe.ryan@email.ie
U00564,Declan,Lynch,declan.lynch@email.ie
U00565,Liadh,Nolan,liadh.nolan@email.ie
U00566,Nuala,O'Reilly,nuala.oreilly@email.ie
U00567,Sean,Foley,sean.foley@email.ie
U00568,Niamh,Doherty,niamh.doherty@email.ie
U00569,Fionn,Higgins,fionn.higgins@email.ie
U00570,Nuala,Collins,nuala.collins@email.ie
U00571,Eimear,Donnelly,eimear.donnelly@email.ie
U00572,Blathnaid,Byrne,blathnaid.byrne@email.ie
U00573,Barry,Kennedy,barry.kennedy@email.ie
U00574,Clodagh,Campbell,clodagh.campbell@email.ie
U00575,Ronan,Murphy,ronan.murphy@email.ie
U00576,Colm,Kennedy,colm.kennedy@email.ie
U00577,Donnacha,Maguire,donnacha.maguire@email.ie
U00578,Cathal,Power,cathal.power@email.ie
U00579,Patrick,Smith,patrick.smith@email.ie
U00580,Brigid,Farrell,brigid.farrell@email.ie
U00581,Declan,O'Neill,declan.oneill@email.ie
U00582,Ronan,McCarthy,ronan.mccarthy@email.ie
U00583,Cathal,Hennessy,cathal.hennessy@email.ie
U00584,Conor,McCarthy,conor.mccarthy@email.ie
U00585,Ciara,O'Brien,ciara.obrien@email.ie
U00586,Grainne,Mullen,grainne.mullen@email.ie
U00587,Nuala,Boyle,nuala.boyle@email.ie
U00588,Caoimhe,O'Connor,caoimhe.oconnor@email.ie
U00589,Killian,Power,killian.power@email.ie
U00590,Siobhan,Fitzgerald,siobhan.fitzgerald@email.ie
U00591,Saoirse,Brennan,saoirse.brennan@email.ie
U00592,Tadhg,Moore,tadhg.moore@email.ie
U00593,Blathnaid,Walsh,blathnaid.walsh@email.ie
U00594,Aoife,Maguire,aoife.maguire@email.ie
U00595,Aisling,O'Connor,aisling.oconnor@email.ie
U00596,Saoirse,O'Sullivan,saoirse.osullivan@email.ie
U00597,Killian,Keenan,killian.keenan@email.ie
U00598,Liadh,Reilly,liadh.reilly@email.ie
U00599,Nuala,Kennedy,nuala.kennedy@email.ie
U00600,Ruairi,O'Reilly,ruairi.oreilly@email.ie
U00601,Tiernan,Lawlor,tiernan.lawlor@email.ie
U00602,Seamus,Higgins,seamus.higgins@email.ie
U00603,Maeve,O'Sullivan,maeve.osullivan@email.ie
U00604,Seamus,Reilly,seamus.reilly@email.ie
U00605,Caoimhe,Flynn,caoimhe.flynn@email.ie
U00606,Ciarán,Murray,ciarán.murray@email.ie
U00607,Muireann,Collins,muireann.collins@email.ie
U00608,Conor,Nolan,conor.nolan@email.ie
U00609,Grainne,Maguire,grainne.maguire@email.ie
U00610,Eimear,O'Brien,eimear.obrien@email.ie
U00611,Cathal,O'Neill,cathal.oneill@email.ie
U00612,Aisling,Keenan,aisling.keenan@email.ie
U00613,Darragh,Keenan,darragh.keenan@email.ie
U00614,Oisin,Burke,oisin.burke@email.ie
U00615,Conor,Brennan,conor.brennan@email.ie
U00616,Eimear,Nolan,eimear.nolan@email.ie
U00617,Blathnaid,McCarthy,blathnaid.mccarthy@email.ie
U00618,Deirdre,Connolly,deirdre.connolly@email.ie
U00619,Liadh,Kennedy,liadh.kennedy@email.ie
U00620,Ciara,Hogan,ciara.hogan@email.ie
U00621,Donnacha,Cullen,donnacha.cullen@email.ie
U00622,Aoife,Quinn,aoife.quinn@email.ie
U00623,Brian,O'Reilly,brian.oreilly@email.ie
U00624,Sorcha,Quinn,sorcha.quinn@email.ie
U00625,Saoirse,Byrne,saoirse.byrne@email.ie
U00626,Clodagh,Walsh,clodagh.walsh@email.ie
U00627,Donnacha,Hogan,donnacha.hogan@email.ie
U00628,Eimear,Murray,eimear.murray@email.ie
U00629,Tiernan,Foley,tiernan.foley@email.ie
U00630,Brian,Dunne,brian.dunne@email.ie
U00631,Eimear,Boyle,eimear.boyle@email.ie
U00632,Ruairi,Reilly,ruairi.reilly@email.ie
U00633,Sorcha,O'Connor,sorcha.oconnor@email.ie
U00634,Roisin,Whelan,roisin.whelan@email.ie
U00635,Tadhg,Clarke,tadhg.clarke@email.ie
U00636,Muireann,Lynch,muireann.lynch@email.ie
U00637,Patrick,Murphy,patrick.murphy@email.ie
U00638,Clodagh,Doyle,clodagh.doyle@email.ie
U00639,Seamus,Byrne,seamus.byrne@email.ie
U00640,Brendan,Clarke,brendan.clarke@email.ie
U00641,Ronan,Reilly,ronan.reilly@email.ie
U00642,Kevin,Keenan,kevin.keenan@email.ie
U00643,Tiernan,O'Brien,tiernan.obrien@email.ie
U00644,Nuala,Murray,nuala.murray@email.ie
U00645,Ronan,O'Brien,ronan.obrien@email.ie
U00646,Roisin,Walsh,roisin.walsh@email.ie
U00647,Eimear,Johnston,eimear.johnston@email.ie
U00648,Sinead,Nolan,sinead.nolan@email.ie
U00649,Fergus,Donnelly,fergus.donnelly@email.ie
U00650,Ciara,Dunne,ciara.dunne@email.ie
U00651,Noel,Flanagan,noel.flanagan@email.ie
U00652,Noel,Lynch,noel.lynch@email.ie
U00653,Declan,Smith,declan.smith@email.ie
U00654,Noel,Kavanagh,noel.kavanagh@email.ie
U00655,Ronan,Gallagher,ronan.gallagher@email.ie
U00656,Muireann,Moore,muireann.moore@email.ie
U00657,Colm,Burke,colm.burke@email.ie
U00658,Dermot,Kennedy,dermot.kennedy@email.ie
U00659,Donnacha,Smith,donnacha.smith@email.ie
U00660,Clodagh,O'Connor,clodagh.oconnor@email.ie
U00661,Aoife,Nolan,aoife.nolan@email.ie
U00662,Niamh,Clarke,niamh.clarke@email.ie
U00663,Cormac,Murray,cormac.murray@email.ie
U00664,Kevin,Johnston,kevin.johnston@email.ie
U00665,Blathnaid,Murray,blathnaid.murray@email.ie
U00666,Deirdre,Hennessy,deirdre.hennessy@email.ie
U00667,Roisin,Johnston,roisin.johnston@email.ie
U00668,Orla,Lynch,orla.lynch@email.ie
U00669,Brendan,O'Sullivan,brendan.osullivan@email.ie
U00670,Eimear,Flynn,eimear.flynn@email.ie
U00671,Blathnaid,Kennedy,blathnaid.kennedy@email.ie
U00672,Maeve,O'Brien,maeve.obrien@email.ie
U00673,Sinead,Johnston,sinead.johnston@email.ie
U00674,Sinead,O'Sullivan,sinead.osullivan@email.ie
U00675,Noel,Murphy,noel.murphy@email.ie
U00676,Declan,O'Sullivan,declan.osullivan@email.ie
U00677,Kevin,Cullen,kevin.cullen@email.ie
U00678,Brigid,Fitzgerald,brigid.fitzgerald@email.ie
U00679,Padraig,Farrell,padraig.farrell@email.ie
U00680,Dermot,O'Reilly,dermot.oreilly@email.ie
U00681,Deirdre,Kelly,deirdre.kelly@email.ie
U00682,Grainne,Brennan,grainne.brennan@email.ie
U00683,Niamh,Lawlor,niamh.lawlor@email.ie
U00684,Cormac,Cullen,cormac.cullen@email.ie
U00685,Siobhan,Moore,siobhan.moore@email.ie
U00686,Cormac,Maguire,cormac.maguire@email.ie
U00687,Colm,Burke,colm.burke@email.ie
U00688,Sorcha,Foley,sorcha.foley@email.ie
U00689,Liam,Clarke,liam.clarke@email.ie
U00690,Nuala,Connolly,nuala.connolly@email.ie
U00691,Aisling,Smith,aisling.smith@email.ie
U00692,Muireann,Burke,muireann.burke@email.ie
U00693,Sinead,Smith,sinead.smith@email.ie
U00694,Declan,Lawlor,declan.lawlor@email.ie
U00695,Donnacha,Campbell,donnacha.campbell@email.ie
U00696,Padraig,Kelly,padraig.kelly@email.ie
U00697,Padraig,Moore,padraig.moore@email.ie
U00698,Fionn,O'Sullivan,fionn.osullivan@email.ie
U00699,Muireann,McCarthy,muireann.mccarthy@email.ie
U00700,Roisin,Doherty,roisin.doherty@email.ie
U00701,Donnacha,Collins,donnacha.collins@email.ie
U00702,Liadh,Boyle,liadh.boyle@email.ie
U00703,Roisin,Cullen,roisin.cullen@email.ie
U00704,Ronan,Reilly,ronan.reilly@email.ie
U00705,Maeve,Doherty,maeve.doherty@email.ie
U00706,Maeve,McCarthy,maeve.mccarthy@email.ie
U00707,Cathal,Dunne,cathal.dunne@email.ie
U00708,Ruairi,Moore,ruairi.moore@email.ie
U00709,Orla,Ryan,orla.ryan@email.ie
U00710,Brendan,Fitzgerald,brendan.fitzgerald@email.ie
U00711,Liadh,Byrne,liadh.byrne@email.ie
U00712,Ruairi,Gallagher,ruairi.gallagher@email.ie
U00713,Caoimhe,Fitzgerald,caoimhe.fitzgerald@email.ie
U00714,Colm,Higgins,colm.higgins@email.ie
U00715,Nuala,O'Neill,nuala.oneill@email.ie
U00716,Grainne,Boyle,grainne.boyle@email.ie
U00717,Roisin,McCarthy,roisin.mccarthy@email.ie
U00718,Oisin,Dunne,oisin.dunne@email.ie
U00719,Ciara,O'Sullivan,ciara.osullivan@email.ie
U00720,Tiernan,Whelan,tiernan.whelan@email.ie
U00721,Liam,Fitzgerald,liam.fitzgerald@email.ie
U00722,Eimear,Cullen,eimear.cullen@email.ie
U00723,Padraig,Lawlor,padraig.lawlor@email.ie
U00724,Cathal,Brennan,cathal.brennan@email.ie
U00725,Noel,Kennedy,noel.kennedy@email.ie
U00726,Sorcha,Farrell,sorcha.farrell@email.ie
U00727,Cormac,Brennan,cormac.brennan@email.ie
U00728,Ciara,Maguire,ciara.maguire@email.ie
U00729,Eimear,Brennan,eimear.brennan@email.ie
U00730,Siobhan,Nolan,siobhan.nolan@email.ie
U00731,Saoirse,Nolan,saoirse.nolan@email.ie
U00732,Clodagh,Lawlor,clodagh.lawlor@email.ie
U00733,Barry,Campbell,barry.campbell@email.ie
U00734,Patrick,Foley,patrick.foley@email.ie
U00735,Sorcha,Maguire,sorcha.maguire@email.ie
U00736,Patrick,Lynch,patrick.lynch@email.ie
U00737,Saoirse,Murphy,saoirse.murphy@email.ie
U00738,Cormac,O'Brien,cormac.obrien@email.ie
U00739,Aisling,Keenan,aisling.keenan@email.ie
U00740,Ronan,O'Brien,ronan.obrien@email.ie
U00741,Cormac,Daly,cormac.daly@email.ie
U00742,Tiernan,Lynch,tiernan.lynch@email.ie
U00743,Cathal,Collins,cathal.collins@email.ie
U00744,Aoife,Nolan,aoife.nolan@email.ie
U00745,Brigid,Fitzgerald,brigid.fitzgerald@email.ie
U00746,Dermot,Connolly,dermot.connolly@email.ie
U00747,Aoife,Dunne,aoife.dunne@email.ie
U00748,Oisin,Hennessy,oisin.hennessy@email.ie
U00749,Deirdre,Mullen,deirdre.mullen@email.ie
U00750,Noel,Flanagan,noel.flanagan@email.ie
U00751,Fionnuala,Kennedy,fionnuala.kennedy@email.ie
U00752,Tiernan,Johnston,tiernan.johnston@email.ie
U00753,Saoirse,Quinn,saoirse.quinn@email.ie
U00754,Fionn,Boyle,fionn.boyle@email.ie
U00755,Darragh,O'Neill,darragh.oneill@email.ie
U00756,Aoife,Reilly,aoife.reilly@email.ie
U00757,Dermot,Doherty,dermot.doherty@email.ie
U00758,Killian,Doherty,killian.doherty@email.ie
U00759,Grainne,Whelan,grainne.whelan@email.ie
U00760,Declan,Boyle,declan.boyle@email.ie
U00761,Siobhan,O'Neill,siobhan.oneill@email.ie
U00762,Conor,Foley,conor.foley@email.ie
U00763,Aisling,Ryan,aisling.ryan@email.ie
U00764,Conor,Doherty,conor.doherty@email.ie
U00765,Fergus,Farrell,fergus.farrell@email.ie
U00766,Barry,O'Brien,barry.obrien@email.ie
U00767,Ciarán,Ryan,ciarán.ryan@email.ie
U00768,Ciarán,Hogan,ciarán.hogan@email.ie
U00769,Padraig,Connolly,padraig.connolly@email.ie
U00770,Dermot,Burke,dermot.burke@email.ie
U00771,Ronan,Boyle,ronan.boyle@email.ie
U00772,Eimear,Lynch,eimear.lynch@email.ie
U00773,Barry,Burke,barry.burke@email.ie
U00774,Conor,Brennan,conor.brennan@email.ie
U00775,Noel,Smith,noel.smith@email.ie
U00776,Muireann,Brennan,muireann.brennan@email.ie
U00777,Kevin,Ryan,kevin.ryan@email.ie
U00778,Brendan,Mullen,brendan.mullen@email.ie
U00779,Conor,Brennan,conor.brennan@email.ie
U00780,Liam,Flanagan,liam.flanagan@email.ie
U00781,Saoirse,Cullen,saoirse.cullen@email.ie
U00782,Nuala,Murray,nuala.murray@email.ie
U00783,Eoin,O'Sullivan,eoin.osullivan@email.ie
U00784,Dermot,Hogan,dermot.hogan@email.ie
U00785,Tadhg,O'Neill,tadhg.oneill@email.ie
U00786,Ronan,Sheridan,ronan.sheridan@email.ie
U00787,Brendan,Campbell,brendan.campbell@email.ie
U00788,Brigid,Keenan,brigid.keenan@email.ie
U00789,Ciarán,Lynch,ciarán.lynch@email.ie
U00790,Liam,Lynch,liam.lynch@email.ie
U00791,Niamh,Hennessy,niamh.hennessy@email.ie
U00792,Eoin,Whelan,eoin.whelan@email.ie
U00793,Aoife,Flynn,aoife.flynn@email.ie
U00794,Dermot,O'Neill,dermot.oneill@email.ie
U00795,Darragh,Walsh,darragh.walsh@email.ie
U00796,Dermot,Flynn,dermot.flynn@email.ie
U00797,Sean,Johnston,sean.johnston@email.ie
U00798,Maeve,Boyle,maeve.boyle@email.ie
U00799,Declan,McCarthy,declan.mccarthy@email.ie
U00800,Liam,Murray,liam.murray@email.ie
U00801,Fionn,Kavanagh,fionn.kavanagh@email.ie
U00802,Killian,Doherty,killian.doherty@email.ie
U00803,Cormac,Sheridan,cormac.sheridan@email.ie
U00804,Clodagh,Campbell,clodagh.campbell@email.ie
U00805,Oisin,Cullen,oisin.cullen@email.ie
U00806,Liadh,Ryan,liadh.ryan@email.ie
U00807,Sinead,Campbell,sinead.campbell@email.ie
U00808,Brian,Doyle,brian.doyle@email.ie
U00809,Oisin,Doyle,oisin.doyle@email.ie
U00810,Donnacha,O'Brien,donnacha.obrien@email.ie
U00811,Noel,O'Sullivan,noel.osullivan@email.ie
U00812,Tiernan,Doyle,tiernan.doyle@email.ie
U00813,Liadh,O'Brien,liadh.obrien@email.ie
U00814,Aoife,Daly,aoife.daly@email.ie
U00815,Killian,Brennan,killian.brennan@email.ie
U00816,Donnacha,Power,donnacha.power@email.ie
U00817,Ruairi,Fitzgerald,ruairi.fitzgerald@email.ie
U00818,Ronan,Campbell,ronan.campbell@email.ie
U00819,Cathal,Campbell,cathal.campbell@email.ie
U00820,Dermot,Sheridan,dermot.sheridan@email.ie
U00821,Caoimhe,Lawlor,caoimhe.lawlor@email.ie
U00822,Padraig,Daly,padraig.daly@email.ie
U00823,Caoimhe,Collins,caoimhe.collins@email.ie
U00824,Orla,O'Neill,orla.oneill@email.ie
U00825,Siobhan,O'Connor,siobhan.oconnor@email.ie
U00826,Patrick,Johnston,patrick.johnston@email.ie
U00827,Clodagh,Boyle,clodagh.boyle@email.ie
U00828,Muireann,Sheridan,muireann.sheridan@email.ie
U00829,Sorcha,Farrell,sorcha.farrell@email.ie
U00830,Niamh,Boyle,niamh.boyle@email.ie
U00831,Liam,Daly,liam.daly@email.ie
U00832,Liadh,O'Sullivan,liadh.osullivan@email.ie
U00833,Padraig,O'Reilly,padraig.oreilly@email.ie
U00834,Nuala,McCarthy,nuala.mccarthy@email.ie
U00835,Noel,Smith,noel.smith@email.ie
U00836,Fionn,Maguire,fionn.maguire@email.ie
U00837,Aisling,Byrne,aisling.byrne@email.ie
U00838,Ronan,Campbell,ronan.campbell@email.ie
U00839,Niamh,Nolan,niamh.nolan@email.ie
U00840,Colm,Burke,colm.burke@email.ie
U00841,Orla,O'Connor,orla.oconnor@email.ie
U00842,Padraig,Dunne,padraig.dunne@email.ie
U00843,Declan,Moore,declan.moore@email.ie
U00844,Conor,Quinn,conor.quinn@email.ie
U00845,Liadh,Reilly,liadh.reilly@email.ie
U00846,Siobhan,Farrell,siobhan.farrell@email.ie
U00847,Brian,Walsh,brian.walsh@email.ie
U00848,Caoimhe,Ryan,caoimhe.ryan@email.ie
U00849,Killian,Brennan,killian.brennan@email.ie
U00850,Clodagh,Keenan,clodagh.keenan@email.ie
U00851,Ronan,Flynn,ronan.flynn@email.ie
U00852,Nuala,Ryan,nuala.ryan@email.ie
U00853,Ronan,O'Brien,ronan.obrien@email.ie
U00854,Fionn,Campbell,fionn.campbell@email.ie
U00855,Barry,Higgins,barry.higgins@email.ie
U00856,Siobhan,Gallagher,siobhan.gallagher@email.ie
U00857,Killian,Fitzgerald,killian.fitzgerald@email.ie
U00858,Fionn,Boyle,fionn.boyle@email.ie
U00859,Aisling,Nolan,aisling.nolan@email.ie
U00860,Ronan,Keenan,ronan.keenan@email.ie
U00861,Fionn,Fitzgerald,fionn.fitzgerald@email.ie
U00862,Killian,Doyle,killian.doyle@email.ie
U00863,Donnacha,Campbell,donnacha.campbell@email.ie
U00864,Aisling,Brennan,aisling.brennan@email.ie
U00865,Conor,O'Connor,conor.oconnor@email.ie
U00866,Brian,McCarthy,brian.mccarthy@email.ie
U00867,Fionn,Hogan,fionn.hogan@email.ie
U00868,Fionnuala,Cullen,fionnuala.cullen@email.ie
U00869,Colm,Boyle,colm.boyle@email.ie
U00870,Liam,Connolly,liam.connolly@email.ie
U00871,Fionn,McCarthy,fionn.mccarthy@email.ie
U00872,Brigid,Quinn,brigid.quinn@email.ie
U00873,Fionn,O'Brien,fionn.obrien@email.ie
U00874,Muireann,O'Neill,muireann.oneill@email.ie
U00875,Ciara,Foley,ciara.foley@email.ie
U00876,Aoife,Cullen,aoife.cullen@email.ie
U00877,Liam,O'Neill,liam.oneill@email.ie
U00878,Brendan,O'Sullivan,brendan.osullivan@email.ie
U00879,Killian,Johnston,killian.johnston@email.ie
U00880,Sinead,Daly,sinead.daly@email.ie
U00881,Sean,O'Reilly,sean.oreilly@email.ie
U00882,Sinead,Doyle,sinead.doyle@email.ie
U00883,Blathnaid,Quinn,blathnaid.quinn@email.ie
U00884,Fionnuala,Burke,fionnuala.burke@email.ie
U00885,Eimear,Foley,eimear.foley@email.ie
U00886,Eoin,Lawlor,eoin.lawlor@email.ie
U00887,Saoirse,Farrell,saoirse.farrell@email.ie
U00888,Brian,Keenan,brian.keenan@email.ie
U00889,Saoirse,Clarke,saoirse.clarke@email.ie
U00890,Kevin,O'Connor,kevin.oconnor@email.ie
U00891,Aoife,Ryan,aoife.ryan@email.ie
U00892,Clodagh,Byrne,clodagh.byrne@email.ie
U00893,Maeve,Hogan,maeve.hogan@email.ie
U00894,Sean,Maguire,sean.maguire@email.ie
U00895,Fionn,McCarthy,fionn.mccarthy@email.ie
U00896,Nuala,Sheridan,nuala.sheridan@email.ie
U00897,Brendan,Flynn,brendan.flynn@email.ie
U00898,Eoin,Connolly,eoin.connolly@email.ie
U00899,Deirdre,Johnston,deirdre.johnston@email.ie
U00900,Aoife,Flanagan,aoife.flanagan@email.ie
U00901,Ruairi,Boyle,ruairi.boyle@email.ie
U00902,Eoin,Dunne,eoin.dunne@email.ie
U00903,Conor,Walsh,conor.walsh@email.ie
U00904,Roisin,Foley,roisin.foley@email.ie
U00905,Ruairi,Hennessy,ruairi.hennessy@email.ie
U00906,Eimear,Johnston,eimear.johnston@email.ie
U00907,Noel,Mullen,noel.mullen@email.ie
U00908,Aisling,Boyle,aisling.boyle@email.ie
U00909,Ciara,Donnelly,ciara.donnelly@email.ie
U00910,Orla,Hogan,orla.hogan@email.ie
U00911,Eimear,Higgins,eimear.higgins@email.ie
U00912,Clodagh,O'Reilly,clodagh.oreilly@email.ie
U00913,Caoimhe,Hennessy,caoimhe.hennessy@email.ie
U00914,Fionnuala,O'Sullivan,fionnuala.osullivan@email.ie
U00915,Maeve,Donnelly,maeve.donnelly@email.ie
U00916,Padraig,Doherty,padraig.doherty@email.ie
U00917,Noel,Collins,noel.collins@email.ie
U00918,Eoin,Moore,eoin.moore@email.ie
U00919,Kevin,Foley,kevin.foley@email.ie
U00920,Liam,Smith,liam.smith@email.ie
U00921,Clodagh,Donnelly,clodagh.donnelly@email.ie
U00922,Patrick,Lawlor,patrick.lawlor@email.ie
U00923,Aoife,Flynn,aoife.flynn@email.ie
U00924,Kevin,Power,kevin.power@email.ie
U00925,Niamh,Clarke,niamh.clarke@email.ie
U00926,Oisin,Murphy,oisin.murphy@email.ie
U00927,Sinead,Burke,sinead.burke@email.ie
U00928,Brigid,Whelan,brigid.whelan@email.ie
U00929,Oisin,O'Sullivan,oisin.osullivan@email.ie
U00930,Clodagh,Hennessy,clodagh.hennessy@email.ie
U00931,Ruairi,Doherty,ruairi.doherty@email.ie
U00932,Colm,Lawlor,colm.lawlor@email.ie
U00933,Declan,O'Brien,declan.obrien@email.ie
U00934,Aisling,Reilly,aisling.reilly@email.ie
U00935,Declan,Campbell,declan.campbell@email.ie
U00936,Roisin,Murphy,roisin.murphy@email.ie
U00937,Eoin,O'Neill,eoin.oneill@email.ie
U00938,Patrick,Lynch,patrick.lynch@email.ie
U00939,Maeve,Lawlor,maeve.lawlor@email.ie
U00940,Fergus,Fitzgerald,fergus.fitzgerald@email.ie
U00941,Padraig,Dunne,padraig.dunne@email.ie
U00942,Noel,O'Connor,noel.oconnor@email.ie
U00943,Fionnuala,Sheridan,fionnuala.sheridan@email.ie
U00944,Liam,Nolan,liam.nolan@email.ie
U00945,Ciara,Quinn,ciara.quinn@email.ie
U00946,Caoimhe,Kavanagh,caoimhe.kavanagh@email.ie
U00947,Aoife,Nolan,aoife.nolan@email.ie
U00948,Brendan,O'Reilly,brendan.oreilly@email.ie
U00949,Niamh,Smith,niamh.smith@email.ie
U00950,Eoin,Flanagan,eoin.flanagan@email.ie
U00951,Orla,Foley,orla.foley@email.ie
U00952,Barry,Donnelly,barry.donnelly@email.ie
U00953,Deirdre,Smith,deirdre.smith@email.ie
U00954,Liam,Clarke,liam.clarke@email.ie
U00955,Ronan,O'Connor,ronan.oconnor@email.ie
U00956,Aoife,Murphy,aoife.murphy@email.ie
U00957,Kevin,Mullen,kevin.mullen@email.ie
U00958,Tiernan,Doherty,tiernan.doherty@email.ie
U00959,Brigid,O'Neill,brigid.oneill@email.ie
U00960,Conor,Gallagher,conor.gallagher@email.ie
U00961,Eimear,Brennan,eimear.brennan@email.ie
U00962,Fionn,Daly,fionn.daly@email.ie
U00963,Fionn,Dunne,fionn.dunne@email.ie
U00964,Ruairi,Daly,ruairi.daly@email.ie
U00965,Sinead,Lynch,sinead.lynch@email.ie
U00966,Killian,Lynch,killian.lynch@email.ie
U00967,Orla,Connolly,orla.connolly@email.ie
U00968,Tiernan,Kavanagh,tiernan.kavanagh@email.ie
U00969,Fergus,Kennedy,fergus.kennedy@email.ie
U00970,Killian,O'Brien,killian.obrien@email.ie
U00971,Kevin,Keenan,kevin.keenan@email.ie
U00972,Grainne,O'Sullivan,grainne.osullivan@email.ie
U00973,Ciarán,Ryan,ciarán.ryan@email.ie
U00974,Liadh,Maguire,liadh.maguire@email.ie
U00975,Donnacha,Donnelly,donnacha.donnelly@email.ie
U00976,Fionn,Maguire,fionn.maguire@email.ie
U00977,Roisin,Collins,roisin.collins@email.ie
U00978,Niamh,Whelan,niamh.whelan@email.ie
U00979,Padraig,Byrne,padraig.byrne@email.ie
U00980,Eimear,Flynn,eimear.flynn@email.ie
U00981,Oisin,Boyle,oisin.boyle@email.ie
U00982,Colm,Lawlor,colm.lawlor@email.ie
U00983,Niamh,Clarke,niamh.clarke@email.ie
U00984,Eoin,O'Brien,eoin.obrien@email.ie
U00985,Cormac,O'Connor,cormac.oconnor@email.ie
U00986,Caoimhe,Kavanagh,caoimhe.kavanagh@email.ie
U00987,Liam,Reilly,liam.reilly@email.ie
U00988,Orla,McCarthy,orla.mccarthy@email.ie
U00989,Fionnuala,Flynn,fionnuala.flynn@email.ie
U00990,Fergus,Byrne,fergus.byrne@email.ie
U00991,Maeve,Lawlor,maeve.lawlor@email.ie
U00992,Sean,Higgins,sean.higgins@email.ie
U00993,Sorcha,Burke,sorcha.burke@email.ie
U00994,Blathnaid,Burke,blathnaid.burke@email.ie
U00995,Darragh,Flanagan,darragh.flanagan@email.ie
U00996,Ciarán,Sheridan,ciarán.sheridan@email.ie
U00997,Nuala,Reilly,nuala.reilly@email.ie
U00998,Saoirse,Campbell,saoirse.campbell@email.ie
U00999,Noel,Murray,noel.murray@email.ie
U01000,Sorcha,Collins,sorcha.collins@email.ie
U01001,Donnacha,Campbell,donnacha.campbell@email.ie
U01002,Sinead,Burke,sinead.burke@email.ie
U01003,Fionnuala,Boyle,fionnuala.boyle@email.ie
U01004,Eimear,Murray,eimear.murray@email.ie
U01005,Siobhan,Fitzgerald,siobhan.fitzgerald@email.ie
U01006,Blathnaid,Burke,blathnaid.burke@email.ie
U01007,Ciarán,O'Brien,ciarán.obrien@email.ie
U01008,Liam,Lynch,liam.lynch@email.ie
U01009,Cathal,Dunne,cathal.dunne@email.ie
U01010,Cathal,Dunne,cathal.dunne@email.ie
U01011,Sinead,Collins,sinead.collins@email.ie
U01012,Maeve,Maguire,maeve.maguire@email.ie
U01013,Darragh,Whelan,darragh.whelan@email.ie
U01014,Clodagh,O'Sullivan,clodagh.osullivan@email.ie
U01015,Saoirse,Campbell,saoirse.campbell@email.ie
U01016,Tadhg,Kennedy,tadhg.kennedy@email.ie
U01017,Padraig,Cullen,padraig.cullen@email.ie
U01018,Brian,Brennan,brian.brennan@email.ie
U01019,Killian,Doherty,killian.doherty@email.ie
U01020,Ciarán,Gallagher,ciarán.gallagher@email.ie
U01021,Colm,Boyle,colm.boyle@email.ie
U01022,Liam,Flanagan,liam.flanagan@email.ie
U01023,Caoimhe,O'Reilly,caoimhe.oreilly@email.ie
U01024,Darragh,Campbell,darragh.campbell@email.ie
U01025,Seamus,Doherty,seamus.doherty@email.ie
U01026,Ronan,Smith,ronan.smith@email.ie
U01027,Sorcha,Cullen,sorcha.cullen@email.ie
U01028,Donnacha,O'Neill,donnacha.oneill@email.ie
U01029,Noel,Doyle,noel.doyle@email.ie
U01030,Ciara,Maguire,ciara.maguire@email.ie
U01031,Deirdre,Nolan,deirdre.nolan@email.ie
U01032,Ciara,Farrell,ciara.farrell@email.ie
U01033,Aoife,O'Reilly,aoife.oreilly@email.ie
U01034,Liadh,Campbell,liadh.campbell@email.ie
U01035,Noel,Quinn,noel.quinn@email.ie
U01036,Blathnaid,Collins,blathnaid.collins@email.ie
U01037,Clodagh,Dunne,clodagh.dunne@email.ie
U01038,Ciara,Smith,ciara.smith@email.ie
U01039,Nuala,Moore,nuala.moore@email.ie
U01040,Fionnuala,Hennessy,fionnuala.hennessy@email.ie
U01041,Clodagh,Murphy,clodagh.murphy@email.ie
U01042,Noel,Cullen,noel.cullen@email.ie
U01043,Eimear,O'Reilly,eimear.oreilly@email.ie
U01044,Kevin,Reilly,kevin.reilly@email.ie
U01045,Dermot,Power,dermot.power@email.ie
U01046,Roisin,Quinn,roisin.quinn@email.ie
U01047,Grainne,Flynn,grainne.flynn@email.ie
U01048,Ruairi,Cullen,ruairi.cullen@email.ie
U01049,Eoin,O'Sullivan,eoin.osullivan@email.ie
U01050,Fionn,Quinn,fionn.quinn@email.ie
U01051,Cathal,Nolan,cathal.nolan@email.ie
U01052,Ruairi,Connolly,ruairi.connolly@email.ie
U01053,Dermot,Kelly,dermot.kelly@email.ie
U01054,Blathnaid,Kennedy,blathnaid.kennedy@email.ie
U01055,Dermot,Fitzgerald,dermot.fitzgerald@email.ie
U01056,Deirdre,Donnelly,deirdre.donnelly@email.ie
U01057,Maeve,O'Sullivan,maeve.osullivan@email.ie
U01058,Noel,Cullen,noel.cullen@email.ie
U01059,Orla,O'Neill,orla.oneill@email.ie
U01060,Blathnaid,Boyle,blathnaid.boyle@email.ie
U01061,Clodagh,Johnston,clodagh.johnston@email.ie
U01062,Conor,Collins,conor.collins@email.ie
U01063,Nuala,Whelan,nuala.whelan@email.ie
U01064,Ruairi,Fitzgerald,ruairi.fitzgerald@email.ie
U01065,Killian,Lynch,killian.lynch@email.ie
U01066,Saoirse,Gallagher,saoirse.gallagher@email.ie
U01067,Clodagh,Mullen,clodagh.mullen@email.ie
U01068,Brian,Flynn,brian.flynn@email.ie
U01069,Ronan,Higgins,ronan.higgins@email.ie
U01070,Clodagh,Mullen,clodagh.mullen@email.ie
U01071,Tadhg,Smith,tadhg.smith@email.ie
U01072,Conor,Campbell,conor.campbell@email.ie
U01073,Liadh,Boyle,liadh.boyle@email.ie
U01074,Brian,Sheridan,brian.sheridan@email.ie
U01075,Brigid,Connolly,brigid.connolly@email.ie
U01076,Padraig,Walsh,padraig.walsh@email.ie
U01077,Eoin,Collins,eoin.collins@email.ie
U01078,Saoirse,Byrne,saoirse.byrne@email.ie
U01079,Dermot,O'Neill,dermot.oneill@email.ie
U01080,Killian,Whelan,killian.whelan@email.ie
U01081,Eoin,Fitzgerald,eoin.fitzgerald@email.ie
U01082,Sean,Flanagan,sean.flanagan@email.ie
U01083,Eoin,Donnelly,eoin.donnelly@email.ie
U01084,Maeve,Flanagan,maeve.flanagan@email.ie
U01085,Declan,O'Connor,declan.oconnor@email.ie
U01086,Orla,Flanagan,orla.flanagan@email.ie
U01087,Muireann,Reilly,muireann.reilly@email.ie
U01088,Eoin,Doyle,eoin.doyle@email.ie
U01089,Sinead,Connolly,sinead.connolly@email.ie
U01090,Seamus,Reilly,seamus.reilly@email.ie
U01091,Sean,Higgins,sean.higgins@email.ie
U01092,Blathnaid,Kelly,blathnaid.kelly@email.ie
U01093,Liam,Donnelly,liam.donnelly@email.ie
U01094,Sinead,Connolly,sinead.connolly@email.ie
U01095,Ciara,Kavanagh,ciara.kavanagh@email.ie
U01096,Deirdre,Johnston,deirdre.johnston@email.ie
U01097,Oisin,Doherty,oisin.doherty@email.ie
U01098,Grainne,Moore,grainne.moore@email.ie
U01099,Cathal,Quinn,cathal.quinn@email.ie
U01100,Killian,Hogan,killian.hogan@email.ie
U01101,Brian,Gallagher,brian.gallagher@email.ie
U01102,Ciara,Burke,ciara.burke@email.ie
U01103,Sinead,Burke,sinead.burke@email.ie
U01104,Seamus,Foley,seamus.foley@email.ie
U01105,Roisin,Sheridan,roisin.sheridan@email.ie
U01106,Aisling,O'Brien,aisling.obrien@email.ie
U01107,Declan,Kennedy,declan.kennedy@email.ie
U01108,Muireann,Clarke,muireann.clarke@email.ie
U01109,Ruairi,O'Reilly,ruairi.oreilly@email.ie
U01110,Ciara,Kelly,ciara.kelly@email.ie
U01111,Maeve,O'Brien,maeve.obrien@email.ie
U01112,Cormac,Connolly,cormac.connolly@email.ie
U01113,Killian,Moore,killian.moore@email.ie
U01114,Aoife,Cullen,aoife.cullen@email.ie
U01115,Siobhan,Brennan,siobhan.brennan@email.ie
U01116,Patrick,Campbell,patrick.campbell@email.ie
U01117,Tadhg,Burke,tadhg.burke@email.ie
U01118,Saoirse,Nolan,saoirse.nolan@email.ie
U01119,Sinead,Hogan,sinead.hogan@email.ie
U01120,Padraig,Collins,padraig.collins@email.ie
U01121,Fionnuala,Kennedy,fionnuala.kennedy@email.ie
U01122,Eimear,O'Connor,eimear.oconnor@email.ie
U01123,Donnacha,Donnelly,donnacha.donnelly@email.ie
U01124,Niamh,Power,niamh.power@email.ie
U01125,Liam,Farrell,liam.farrell@email.ie
U01126,Eoin,Brennan,eoin.brennan@email.ie
U01127,Ronan,Donnelly,ronan.donnelly@email.ie
U01128,Brendan,Gallagher,brendan.gallagher@email.ie
U01129,Kevin,Fitzgerald,kevin.fitzgerald@email.ie
U01130,Aoife,Clarke,aoife.clarke@email.ie
U01131,Aoife,O'Connor,aoife.oconnor@email.ie
U01132,Nuala,Byrne,nuala.byrne@email.ie
U01133,Dermot,Maguire,dermot.maguire@email.ie
U01134,Patrick,Power,patrick.power@email.ie
U01135,Siobhan,Gallagher,siobhan.gallagher@email.ie
U01136,Oisin,O'Sullivan,oisin.osullivan@email.ie
U01137,Fionn,Sheridan,fionn.sheridan@email.ie
U01138,Ruairi,Mullen,ruairi.mullen@email.ie
U01139,Sinead,O'Reilly,sinead.oreilly@email.ie
U01140,Liadh,Lynch,liadh.lynch@email.ie
U01141,Liadh,Johnston,liadh.johnston@email.ie
U01142,Declan,O'Reilly,declan.oreilly@email.ie
U01143,Cormac,Murphy,cormac.murphy@email.ie
U01144,Muireann,Foley,muireann.foley@email.ie
U01145,Fergus,Cullen,fergus.cullen@email.ie
U01146,Roisin,Hennessy,roisin.hennessy@email.ie
U01147,Fionnuala,Kavanagh,fionnuala.kavanagh@email.ie
U01148,Grainne,Whelan,grainne.whelan@email.ie
U01149,Cormac,Walsh,cormac.walsh@email.ie
U01150,Donnacha,Murray,donnacha.murray@email.ie
U01151,Padraig,O'Connor,padraig.oconnor@email.ie
U01152,Caoimhe,Walsh,caoimhe.walsh@email.ie
U01153,Patrick,Burke,patrick.burke@email.ie
U01154,Caoimhe,O'Connor,caoimhe.oconnor@email.ie
U01155,Ruairi,Cullen,ruairi.cullen@email.ie
U01156,Roisin,Gallagher,roisin.gallagher@email.ie
U01157,Ruairi,Daly,ruairi.daly@email.ie
U01158,Fionnuala,Ryan,fionnuala.ryan@email.ie
U01159,Grainne,Sheridan,grainne.sheridan@email.ie
U01160,Donnacha,Kennedy,donnacha.kennedy@email.ie
U01161,Dermot,Cullen,dermot.cullen@email.ie
U01162,Declan,Brennan,declan.brennan@email.ie
U01163,Maeve,Mullen,maeve.mullen@email.ie
U01164,Padraig,Doyle,padraig.doyle@email.ie
U01165,Niamh,Power,niamh.power@email.ie
U01166,Sorcha,O'Connor,sorcha.oconnor@email.ie
U01167,Killian,Walsh,killian.walsh@email.ie
U01168,Donnacha,Connolly,donnacha.connolly@email.ie
U01169,Niamh,Clarke,niamh.clarke@email.ie
U01170,Oisin,Kavanagh,oisin.kavanagh@email.ie
U01171,Liadh,Keenan,liadh.keenan@email.ie
U01172,Colm,Ryan,colm.ryan@email.ie
U01173,Sean,Dunne,sean.dunne@email.ie
U01174,Barry,Campbell,barry.campbell@email.ie
U01175,Clodagh,Fitzgerald,clodagh.fitzgerald@email.ie
U01176,Brian,Power,brian.power@email.ie
U01177,Noel,Kavanagh,noel.kavanagh@email.ie
U01178,Aisling,Moore,aisling.moore@email.ie
U01179,Ciara,Brennan,ciara.brennan@email.ie
U01180,Cormac,Campbell,cormac.campbell@email.ie
U01181,Cormac,O'Connor,cormac.oconnor@email.ie
U01182,Dermot,Mullen,dermot.mullen@email.ie
U01183,Oisin,O'Neill,oisin.oneill@email.ie
U01184,Brigid,Johnston,brigid.johnston@email.ie
U01185,Dermot,Reilly,dermot.reilly@email.ie
U01186,Brendan,Flynn,brendan.flynn@email.ie
U01187,Eoin,O'Sullivan,eoin.osullivan@email.ie
U01188,Fionn,Lawlor,fionn.lawlor@email.ie
U01189,Niamh,Donnelly,niamh.donnelly@email.ie
U01190,Tadhg,Brennan,tadhg.brennan@email.ie
U01191,Ronan,Keenan,ronan.keenan@email.ie
U01192,Ciarán,Brennan,ciarán.brennan@email.ie
U01193,Tadhg,Flanagan,tadhg.flanagan@email.ie
U01194,Eoin,Collins,eoin.collins@email.ie
U01195,Maeve,O'Connor,maeve.oconnor@email.ie
U01196,Fionn,Reilly,fionn.reilly@email.ie
U01197,Orla,Murray,orla.murray@email.ie
U01198,Liadh,Mullen,liadh.mullen@email.ie
U01199,Niamh,Sheridan,niamh.sheridan@email.ie
U01200,Clodagh,Doherty,clodagh.doherty@email.ie
U01201,Cathal,Higgins,cathal.higgins@email.ie
U01202,Ciara,Cullen,ciara.cullen@email.ie
U01203,Liam,Farrell,liam.farrell@email.ie
U01204,Muireann,Hennessy,muireann.hennessy@email.ie
U01205,Conor,Walsh,conor.walsh@email.ie
U01206,Fergus,Connolly,fergus.connolly@email.ie
U01207,Roisin,Flanagan,roisin.flanagan@email.ie
U01208,Roisin,Foley,roisin.foley@email.ie
U01209,Fergus,Gallagher,fergus.gallagher@email.ie
U01210,Liam,Mullen,liam.mullen@email.ie
U01211,Eimear,Dunne,eimear.dunne@email.ie
U01212,Oisin,Keenan,oisin.keenan@email.ie
U01213,Clodagh,Campbell,clodagh.campbell@email.ie
U01214,Tadhg,Smith,tadhg.smith@email.ie
U01215,Cormac,Kavanagh,cormac.kavanagh@email.ie
U01216,Ronan,Maguire,ronan.maguire@email.ie
U01217,Aisling,Farrell,aisling.farrell@email.ie
U01218,Cathal,Hogan,cathal.hogan@email.ie
U01219,Brian,Farrell,brian.farrell@email.ie
U01220,Darragh,Hennessy,darragh.hennessy@email.ie
U01221,Liadh,Moore,liadh.moore@email.ie
U01222,Blathnaid,Murray,blathnaid.murray@email.ie
U01223,Ruairi,Flanagan,ruairi.flanagan@email.ie
U01224,Oisin,McCarthy,oisin.mccarthy@email.ie
U01225,Conor,Mullen,conor.mullen@email.ie
U01226,Killian,Keenan,killian.keenan@email.ie
U01227,Blathnaid,Connolly,blathnaid.connolly@email.ie
U01228,Ciarán,Maguire,ciarán.maguire@email.ie
U01229,Patrick,Foley,patrick.foley@email.ie
U01230,Noel,O'Connor,noel.oconnor@email.ie
U01231,Blathnaid,O'Reilly,blathnaid.oreilly@email.ie
U01232,Blathnaid,Fitzgerald,blathnaid.fitzgerald@email.ie
U01233,Seamus,Walsh,seamus.walsh@email.ie
U01234,Sinead,Reilly,sinead.reilly@email.ie
U01235,Patrick,O'Sullivan,patrick.osullivan@email.ie
U01236,Ronan,Fitzgerald,ronan.fitzgerald@email.ie
U01237,Deirdre,Connolly,deirdre.connolly@email.ie
U01238,Ronan,Kelly,ronan.kelly@email.ie
U01239,Declan,Johnston,declan.johnston@email.ie
U01240,Eimear,Clarke,eimear.clarke@email.ie
U01241,Siobhan,O'Reilly,siobhan.oreilly@email.ie
U01242,Brian,Mullen,brian.mullen@email.ie
U01243,Dermot,Clarke,dermot.clarke@email.ie
U01244,Killian,Whelan,killian.whelan@email.ie
U01245,Liadh,O'Brien,liadh.obrien@email.ie
U01246,Liam,Keenan,liam.keenan@email.ie
U01247,Fionnuala,Flanagan,fionnuala.flanagan@email.ie
U01248,Aisling,Kelly,aisling.kelly@email.ie
U01249,Sorcha,Walsh,sorcha.walsh@email.ie
U01250,Tadhg,Higgins,tadhg.higgins@email.ie
U01251,Ruairi,Brennan,ruairi.brennan@email.ie
U01252,Brian,Kennedy,brian.kennedy@email.ie
U01253,Sinead,Collins,sinead.collins@email.ie
U01254,Muireann,McCarthy,muireann.mccarthy@email.ie
U01255,Fionn,Dunne,fionn.dunne@email.ie
U01256,Declan,O'Brien,declan.obrien@email.ie
U01257,Orla,Whelan,orla.whelan@email.ie
U01258,Brendan,Ryan,brendan.ryan@email.ie
U01259,Donnacha,Fitzgerald,donnacha.fitzgerald@email.ie
U01260,Tiernan,Burke,tiernan.burke@email.ie
U01261,Dermot,Fitzgerald,dermot.fitzgerald@email.ie
U01262,Brendan,Flanagan,brendan.flanagan@email.ie
U01263,Sean,O'Neill,sean.oneill@email.ie
U01264,Cormac,Ryan,cormac.ryan@email.ie
U01265,Fionnuala,Doyle,fionnuala.doyle@email.ie
U01266,Saoirse,O'Sullivan,saoirse.osullivan@email.ie
U01267,Donnacha,Quinn,donnacha.quinn@email.ie
U01268,Deirdre,O'Reilly,deirdre.oreilly@email.ie
U01269,Sorcha,Mullen,sorcha.mullen@email.ie
U01270,Fionn,Flanagan,fionn.flanagan@email.ie
U01271,Oisin,Brennan,oisin.brennan@email.ie
U01272,Orla,Johnston,orla.johnston@email.ie
U01273,Eoin,Byrne,eoin.byrne@email.ie
U01274,Muireann,Reilly,muireann.reilly@email.ie
U01275,Roisin,Sheridan,roisin.sheridan@email.ie
U01276,Cormac,Kelly,cormac.kelly@email.ie
U01277,Brigid,Keenan,brigid.keenan@email.ie
U01278,Noel,Fitzgerald,noel.fitzgerald@email.ie
U01279,Brian,O'Connor,brian.oconnor@email.ie
U01280,Dermot,Sheridan,dermot.sheridan@email.ie
U01281,Darragh,Flynn,darragh.flynn@email.ie
U01282,Aoife,Collins,aoife.collins@email.ie
U01283,Oisin,Campbell,oisin.campbell@email.ie
U01284,Nuala,Gallagher,nuala.gallagher@email.ie
U01285,Tiernan,Keenan,tiernan.keenan@email.ie
U01286,Roisin,Campbell,roisin.campbell@email.ie
U01287,Noel,Lawlor,noel.lawlor@email.ie
U01288,Donnacha,Sheridan,donnacha.sheridan@email.ie
U01289,Liadh,Campbell,liadh.campbell@email.ie
U01290,Fergus,Keenan,fergus.keenan@email.ie
U01291,Kevin,McCarthy,kevin.mccarthy@email.ie
U01292,Seamus,Power,seamus.power@email.ie
U01293,Brigid,Fitzgerald,brigid.fitzgerald@email.ie
U01294,Cathal,Moore,cathal.moore@email.ie
U01295,Barry,O'Connor,barry.oconnor@email.ie
U01296,Aoife,Hennessy,aoife.hennessy@email.ie
U01297,Kevin,O'Neill,kevin.oneill@email.ie
U01298,Roisin,Farrell,roisin.farrell@email.ie
U01299,Tadhg,Kelly,tadhg.kelly@email.ie
U01300,Clodagh,Cullen,clodagh.cullen@email.ie
U01301,Maeve,Foley,maeve.foley@email.ie
U01302,Liam,Farrell,liam.farrell@email.ie
U01303,Dermot,O'Brien,dermot.obrien@email.ie
U01304,Patrick,Connolly,patrick.connolly@email.ie
U01305,Fergus,Mullen,fergus.mullen@email.ie
U01306,Conor,Murray,conor.murray@email.ie
U01307,Caoimhe,Burke,caoimhe.burke@email.ie
U01308,Liam,O'Neill,liam.oneill@email.ie
U01309,Oisin,Mullen,oisin.mullen@email.ie
U01310,Ronan,Ryan,ronan.ryan@email.ie
U01311,Ciara,Lynch,ciara.lynch@email.ie
U01312,Brigid,Doyle,brigid.doyle@email.ie
U01313,Brigid,Nolan,brigid.nolan@email.ie
U01314,Brian,Moore,brian.moore@email.ie
U01315,Saoirse,Hogan,saoirse.hogan@email.ie
U01316,Noel,Higgins,noel.higgins@email.ie
U01317,Padraig,O'Neill,padraig.oneill@email.ie
U01318,Tiernan,Kelly,tiernan.kelly@email.ie
U01319,Ciarán,Nolan,ciarán.nolan@email.ie
U01320,Niamh,Lawlor,niamh.lawlor@email.ie
U01321,Blathnaid,Maguire,blathnaid.maguire@email.ie
U01322,Brendan,Reilly,brendan.reilly@email.ie
U01323,Tadhg,Moore,tadhg.moore@email.ie
U01324,Sorcha,Donnelly,sorcha.donnelly@email.ie
U01325,Eoin,Whelan,eoin.whelan@email.ie
U01326,Fergus,Maguire,fergus.maguire@email.ie
U01327,Dermot,Brennan,dermot.brennan@email.ie
U01328,Sean,Brennan,sean.brennan@email.ie
U01329,Ciarán,Hennessy,ciarán.hennessy@email.ie
U01330,Darragh,Power,darragh.power@email.ie
U01331,Blathnaid,Doherty,blathnaid.doherty@email.ie
U01332,Barry,Campbell,barry.campbell@email.ie
U01333,Niamh,Power,niamh.power@email.ie
U01334,Siobhan,Byrne,siobhan.byrne@email.ie
U01335,Brendan,Brennan,brendan.brennan@email.ie
U01336,Kevin,O'Neill,kevin.oneill@email.ie
U01337,Cormac,O'Connor,cormac.oconnor@email.ie
U01338,Fionnuala,Boyle,fionnuala.boyle@email.ie
U01339,Dermot,Dunne,dermot.dunne@email.ie
U01340,Tiernan,Lynch,tiernan.lynch@email.ie
U01341,Padraig,Daly,padraig.daly@email.ie
U01342,Saoirse,Clarke,saoirse.clarke@email.ie
U01343,Caoimhe,Collins,caoimhe.collins@email.ie
U01344,Fergus,Flanagan,fergus.flanagan@email.ie
U01345,Cathal,O'Reilly,cathal.oreilly@email.ie
U01346,Barry,Maguire,barry.maguire@email.ie
U01347,Declan,O'Connor,declan.oconnor@email.ie
U01348,Blathnaid,Boyle,blathnaid.boyle@email.ie
U01349,Sean,Hogan,sean.hogan@email.ie
U01350,Seamus,Kavanagh,seamus.kavanagh@email.ie
U01351,Maeve,Collins,maeve.collins@email.ie
U01352,Maeve,Byrne,maeve.byrne@email.ie
U01353,Brendan,Doyle,brendan.doyle@email.ie
U01354,Donnacha,Gallagher,donnacha.gallagher@email.ie
U01355,Declan,Hennessy,declan.hennessy@email.ie
U01356,Declan,Kavanagh,declan.kavanagh@email.ie
U01357,Sean,Foley,sean.foley@email.ie
U01358,Ciara,Hogan,ciara.hogan@email.ie
U01359,Fergus,Sheridan,fergus.sheridan@email.ie
U01360,Ciara,Kavanagh,ciara.kavanagh@email.ie
U01361,Nuala,Hogan,nuala.hogan@email.ie
U01362,Fionnuala,Burke,fionnuala.burke@email.ie
U01363,Eoin,Flynn,eoin.flynn@email.ie
U01364,Aisling,Donnelly,aisling.donnelly@email.ie
U01365,Grainne,Connolly,grainne.connolly@email.ie
U01366,Liam,Keenan,liam.keenan@email.ie
U01367,Killian,Cullen,killian.cullen@email.ie
U01368,Brendan,O'Neill,brendan.oneill@email.ie
U01369,Brigid,Doyle,brigid.doyle@email.ie
U01370,Muireann,Campbell,muireann.campbell@email.ie
U01371,Fergus,Flanagan,fergus.flanagan@email.ie
U01372,Brian,Whelan,brian.whelan@email.ie
U01373,Brendan,Byrne,brendan.byrne@email.ie
U01374,Niamh,O'Brien,niamh.obrien@email.ie
U01375,Barry,Fitzgerald,barry.fitzgerald@email.ie
U01376,Killian,Smith,killian.smith@email.ie
U01377,Tiernan,Daly,tiernan.daly@email.ie
U01378,Eimear,O'Neill,eimear.oneill@email.ie
U01379,Fergus,Connolly,fergus.connolly@email.ie
U01380,Caoimhe,Doherty,caoimhe.doherty@email.ie
U01381,Fionn,Hogan,fionn.hogan@email.ie
U01382,Tadhg,Farrell,tadhg.farrell@email.ie
U01383,Declan,O'Neill,declan.oneill@email.ie
U01384,Ciarán,Donnelly,ciarán.donnelly@email.ie
U01385,Grainne,O'Connor,grainne.oconnor@email.ie
U01386,Kevin,Burke,kevin.burke@email.ie
U01387,Caoimhe,O'Connor,caoimhe.oconnor@email.ie
U01388,Niamh,Whelan,niamh.whelan@email.ie
U01389,Eimear,Farrell,eimear.farrell@email.ie
U01390,Siobhan,O'Reilly,siobhan.oreilly@email.ie
U01391,Brendan,McCarthy,brendan.mccarthy@email.ie
U01392,Tadhg,Lynch,tadhg.lynch@email.ie
U01393,Sorcha,Nolan,sorcha.nolan@email.ie
U01394,Oisin,Clarke,oisin.clarke@email.ie
U01395,Noel,Daly,noel.daly@email.ie
U01396,Sean,Mullen,sean.mullen@email.ie
U01397,Cormac,Sheridan,cormac.sheridan@email.ie
U01398,Caoimhe,Walsh,caoimhe.walsh@email.ie
U01399,Cormac,Murphy,cormac.murphy@email.ie
U01400,Noel,Murphy,noel.murphy@email.ie
U01401,Eoin,Doyle,eoin.doyle@email.ie
U01402,Aisling,Flynn,aisling.flynn@email.ie
U01403,Siobhan,Doherty,siobhan.doherty@email.ie
U01404,Ronan,Brennan,ronan.brennan@email.ie
U01405,Tadhg,Higgins,tadhg.higgins@email.ie
U01406,Muireann,Higgins,muireann.higgins@email.ie
U01407,Sinead,Whelan,sinead.whelan@email.ie
U01408,Deirdre,Boyle,deirdre.boyle@email.ie
U01409,Saoirse,Burke,saoirse.burke@email.ie
U01410,Aisling,Reilly,aisling.reilly@email.ie
U01411,Clodagh,O'Sullivan,clodagh.osullivan@email.ie
U01412,Ciara,Walsh,ciara.walsh@email.ie
U01413,Maeve,Foley,maeve.foley@email.ie
U01414,Saoirse,Johnston,saoirse.johnston@email.ie
U01415,Nuala,Clarke,nuala.clarke@email.ie
U01416,Barry,Maguire,barry.maguire@email.ie
U01417,Eimear,Johnston,eimear.johnston@email.ie
U01418,Grainne,Hogan,grainne.hogan@email.ie
U01419,Noel,Keenan,noel.keenan@email.ie
U01420,Brendan,Reilly,brendan.reilly@email.ie
U01421,Padraig,Brennan,padraig.brennan@email.ie
U01422,Ciarán,Mullen,ciarán.mullen@email.ie
U01423,Padraig,Kelly,padraig.kelly@email.ie
U01424,Ronan,Clarke,ronan.clarke@email.ie
U01425,Deirdre,Murray,deirdre.murray@email.ie
U01426,Padraig,Kennedy,padraig.kennedy@email.ie
U01427,Fionnuala,Doherty,fionnuala.doherty@email.ie
U01428,Brian,Kavanagh,brian.kavanagh@email.ie
U01429,Clodagh,Ryan,clodagh.ryan@email.ie
U01430,Nuala,Connolly,nuala.connolly@email.ie
U01431,Nuala,Byrne,nuala.byrne@email.ie
U01432,Liadh,Campbell,liadh.campbell@email.ie
U01433,Padraig,O'Brien,padraig.obrien@email.ie
U01434,Fergus,O'Brien,fergus.obrien@email.ie
U01435,Oisin,Dunne,oisin.dunne@email.ie
U01436,Sinead,Higgins,sinead.higgins@email.ie
U01437,Conor,Connolly,conor.connolly@email.ie
U01438,Roisin,Doyle,roisin.doyle@email.ie
U01439,Ronan,Farrell,ronan.farrell@email.ie
U01440,Killian,Collins,killian.collins@email.ie
U01441,Fionn,Fitzgerald,fionn.fitzgerald@email.ie
U01442,Fionn,Ryan,fionn.ryan@email.ie
U01443,Liadh,Sheridan,liadh.sheridan@email.ie
U01444,Roisin,O'Neill,roisin.oneill@email.ie
U01445,Fionnuala,Farrell,fionnuala.farrell@email.ie
U01446,Muireann,O'Neill,muireann.oneill@email.ie
U01447,Brigid,Smith,brigid.smith@email.ie
U01448,Liam,Lawlor,liam.lawlor@email.ie
U01449,Liadh,O'Neill,liadh.oneill@email.ie
U01450,Sinead,Reilly,sinead.reilly@email.ie
U01451,Fionn,Doyle,fionn.doyle@email.ie
U01452,Brian,Power,brian.power@email.ie
U01453,Brian,Byrne,brian.byrne@email.ie
U01454,Ronan,Moore,ronan.moore@email.ie
U01455,Maeve,Maguire,maeve.maguire@email.ie
U01456,Muireann,Farrell,muireann.farrell@email.ie
U01457,Clodagh,Walsh,clodagh.walsh@email.ie
U01458,Noel,Keenan,noel.keenan@email.ie
U01459,Orla,O'Connor,orla.oconnor@email.ie
U01460,Liadh,Johnston,liadh.johnston@email.ie
U01461,Liam,Moore,liam.moore@email.ie
U01462,Tiernan,Hogan,tiernan.hogan@email.ie
U01463,Colm,Kennedy,colm.kennedy@email.ie
U01464,Brian,Daly,brian.daly@email.ie
U01465,Fionnuala,Hogan,fionnuala.hogan@email.ie
U01466,Eoin,O'Connor,eoin.oconnor@email.ie
U01467,Padraig,Smith,padraig.smith@email.ie
U01468,Muireann,Kavanagh,muireann.kavanagh@email.ie
U01469,Dermot,Lawlor,dermot.lawlor@email.ie
U01470,Noel,Maguire,noel.maguire@email.ie
U01471,Padraig,Higgins,padraig.higgins@email.ie
U01472,Blathnaid,Doherty,blathnaid.doherty@email.ie
U01473,Orla,Kennedy,orla.kennedy@email.ie
U01474,Dermot,Maguire,dermot.maguire@email.ie
U01475,Cathal,Johnston,cathal.johnston@email.ie
U01476,Declan,Brennan,declan.brennan@email.ie
U01477,Darragh,Hennessy,darragh.hennessy@email.ie
U01478,Fionnuala,Ryan,fionnuala.ryan@email.ie
U01479,Killian,O'Brien,killian.obrien@email.ie
U01480,Noel,Donnelly,noel.donnelly@email.ie
U01481,Sinead,Mullen,sinead.mullen@email.ie
U01482,Patrick,Boyle,patrick.boyle@email.ie
U01483,Patrick,O'Neill,patrick.oneill@email.ie
U01484,Liam,Farrell,liam.farrell@email.ie
U01485,Nuala,Byrne,nuala.byrne@email.ie
U01486,Ciara,O'Reilly,ciara.oreilly@email.ie
U01487,Fergus,Donnelly,fergus.donnelly@email.ie
U01488,Fionnuala,Ryan,fionnuala.ryan@email.ie
U01489,Brendan,Connolly,brendan.connolly@email.ie
U01490,Donnacha,Campbell,donnacha.campbell@email.ie
U01491,Fionnuala,Kelly,fionnuala.kelly@email.ie
U01492,Donnacha,Clarke,donnacha.clarke@email.ie
U01493,Noel,Connolly,noel.connolly@email.ie
U01494,Ciarán,O'Sullivan,ciarán.osullivan@email.ie
U01495,Brendan,Byrne,brendan.byrne@email.ie
U01496,Nuala,Johnston,nuala.johnston@email.ie
U01497,Patrick,Power,patrick.power@email.ie
U01498,Brian,Whelan,brian.whelan@email.ie
U01499,Nuala,Higgins,nuala.higgins@email.ie
U01500,Brendan,Murray,brendan.murray@email.ie
U01501,Patrick,Murray,patrick.murray@email.ie
U01502,Blathnaid,Murphy,blathnaid.murphy@email.ie
U01503,Maeve,O'Connor,maeve.oconnor@email.ie
U01504,Eoin,Sheridan,eoin.sheridan@email.ie
U01505,Ciara,Smith,ciara.smith@email.ie
U01506,Fergus,Whelan,fergus.whelan@email.ie
U01507,Patrick,Ryan,patrick.ryan@email.ie
U01508,Eoin,McCarthy,eoin.mccarthy@email.ie
U01509,Fergus,O'Sullivan,fergus.osullivan@email.ie
U01510,Orla,Dunne,orla.dunne@email.ie
U01511,Killian,Collins,killian.collins@email.ie
U01512,Liadh,Smith,liadh.smith@email.ie
U01513,Oisin,Foley,oisin.foley@email.ie
U01514,Ronan,Brennan,ronan.brennan@email.ie
U01515,Cathal,Reilly,cathal.reilly@email.ie
U01516,Tadhg,O'Neill,tadhg.oneill@email.ie
U01517,Darragh,Collins,darragh.collins@email.ie
U01518,Nuala,Brennan,nuala.brennan@email.ie
U01519,Ruairi,Campbell,ruairi.campbell@email.ie
U01520,Blathnaid,Ryan,blathnaid.ryan@email.ie
U01521,Patrick,Connolly,patrick.connolly@email.ie
U01522,Fionnuala,Lynch,fionnuala.lynch@email.ie
U01523,Muireann,O'Brien,muireann.obrien@email.ie
U01524,Declan,Moore,declan.moore@email.ie
U01525,Barry,Dunne,barry.dunne@email.ie
U01526,Nuala,Lawlor,nuala.lawlor@email.ie
U01527,Roisin,Higgins,roisin.higgins@email.ie
U01528,Maeve,Flynn,maeve.flynn@email.ie
U01529,Deirdre,O'Connor,deirdre.oconnor@email.ie
U01530,Aisling,Mullen,aisling.mullen@email.ie
U01531,Oisin,Smith,oisin.smith@email.ie
U01532,Cathal,Flanagan,cathal.flanagan@email.ie
U01533,Orla,Hennessy,orla.hennessy@email.ie
U01534,Darragh,Lawlor,darragh.lawlor@email.ie
U01535,Cathal,Walsh,cathal.walsh@email.ie
U01536,Muireann,Johnston,muireann.johnston@email.ie
U01537,Roisin,Walsh,roisin.walsh@email.ie
U01538,Ronan,Maguire,ronan.maguire@email.ie
U01539,Seamus,Farrell,seamus.farrell@email.ie
U01540,Seamus,Mullen,seamus.mullen@email.ie
U01541,Ciarán,Moore,ciarán.moore@email.ie
U01542,Donnacha,Power,donnacha.power@email.ie
U01543,Cormac,Lawlor,cormac.lawlor@email.ie
U01544,Nuala,Smith,nuala.smith@email.ie
U01545,Donnacha,Murray,donnacha.murray@email.ie
U01546,Blathnaid,O'Brien,blathnaid.obrien@email.ie
U01547,Killian,Lawlor,killian.lawlor@email.ie
U01548,Ciara,Murray,ciara.murray@email.ie
U01549,Fionnuala,O'Sullivan,fionnuala.osullivan@email.ie
U01550,Tadhg,O'Brien,tadhg.obrien@email.ie
U01551,Fionnuala,Keenan,fionnuala.keenan@email.ie
U01552,Clodagh,Murphy,clodagh.murphy@email.ie
U01553,Ronan,Connolly,ronan.connolly@email.ie
U01554,Nuala,Brennan,nuala.brennan@email.ie
U01555,Eimear,Walsh,eimear.walsh@email.ie
U01556,Padraig,Hogan,padraig.hogan@email.ie
U01557,Ronan,Daly,ronan.daly@email.ie
U01558,Patrick,McCarthy,patrick.mccarthy@email.ie
U01559,Saoirse,Gallagher,saoirse.gallagher@email.ie
U01560,Cathal,Walsh,cathal.walsh@email.ie
U01561,Colm,Connolly,colm.connolly@email.ie
U01562,Blathnaid,Kavanagh,blathnaid.kavanagh@email.ie
U01563,Darragh,Kennedy,darragh.kennedy@email.ie
U01564,Darragh,Johnston,darragh.johnston@email.ie
U01565,Maeve,Keenan,maeve.keenan@email.ie
U01566,Patrick,Connolly,patrick.connolly@email.ie
U01567,Colm,Quinn,colm.quinn@email.ie
U01568,Eoin,Murphy,eoin.murphy@email.ie
U01569,Liadh,O'Brien,liadh.obrien@email.ie
U01570,Barry,Byrne,barry.byrne@email.ie
U01571,Ruairi,O'Connor,ruairi.oconnor@email.ie
U01572,Fionnuala,Kelly,fionnuala.kelly@email.ie
U01573,Niamh,Cullen,niamh.cullen@email.ie
U01574,Sinead,Collins,sinead.collins@email.ie
U01575,Saoirse,Mullen,saoirse.mullen@email.ie
U01576,Orla,Dunne,orla.dunne@email.ie
U01577,Liadh,Daly,liadh.daly@email.ie
U01578,Oisin,Higgins,oisin.higgins@email.ie
U01579,Ciara,McCarthy,ciara.mccarthy@email.ie
U01580,Cormac,Kelly,cormac.kelly@email.ie
U01581,Caoimhe,Byrne,caoimhe.byrne@email.ie
U01582,Roisin,Maguire,roisin.maguire@email.ie
U01583,Clodagh,Cullen,clodagh.cullen@email.ie
U01584,Cormac,Quinn,cormac.quinn@email.ie
U01585,Blathnaid,Murphy,blathnaid.murphy@email.ie
U01586,Saoirse,Sheridan,saoirse.sheridan@email.ie
U01587,Brendan,Kelly,brendan.kelly@email.ie
U01588,Ronan,Whelan,ronan.whelan@email.ie
U01589,Eoin,Power,eoin.power@email.ie
U01590,Dermot,Clarke,dermot.clarke@email.ie
U01591,Darragh,O'Sullivan,darragh.osullivan@email.ie
U01592,Siobhan,Byrne,siobhan.byrne@email.ie
U01593,Siobhan,Walsh,siobhan.walsh@email.ie
U01594,Colm,Flanagan,colm.flanagan@email.ie
U01595,Cathal,Higgins,cathal.higgins@email.ie
U01596,Fionnuala,Maguire,fionnuala.maguire@email.ie
U01597,Fionnuala,Connolly,fionnuala.connolly@email.ie
U01598,Tadhg,Kennedy,tadhg.kennedy@email.ie
U01599,Brian,Flanagan,brian.flanagan@email.ie
U01600,Fergus,Campbell,fergus.campbell@email.ie
U01601,Roisin,Burke,roisin.burke@email.ie
U01602,Aisling,Doyle,aisling.doyle@email.ie
U01603,Fionn,Brennan,fionn.brennan@email.ie
U01604,Noel,Byrne,noel.byrne@email.ie
U01605,Conor,O'Neill,conor.oneill@email.ie
U01606,Oisin,Maguire,oisin.maguire@email.ie
U01607,Fionnuala,Fitzgerald,fionnuala.fitzgerald@email.ie
U01608,Maeve,Fitzgerald,maeve.fitzgerald@email.ie
U01609,Cormac,Murray,cormac.murray@email.ie
U01610,Fergus,Farrell,fergus.farrell@email.ie
U01611,Clodagh,Power,clodagh.power@email.ie
U01612,Roisin,Murphy,roisin.murphy@email.ie
U01613,Dermot,Cullen,dermot.cullen@email.ie
U01614,Fionnuala,Doherty,fionnuala.doherty@email.ie
U01615,Brian,Kennedy,brian.kennedy@email.ie
U01616,Tadhg,Connolly,tadhg.connolly@email.ie
U01617,Niamh,O'Neill,niamh.oneill@email.ie
U01618,Noel,O'Connor,noel.oconnor@email.ie
U01619,Ronan,Doyle,ronan.doyle@email.ie
U01620,Darragh,Campbell,darragh.campbell@email.ie
U01621,Tadhg,Boyle,tadhg.boyle@email.ie
U01622,Siobhan,Cullen,siobhan.cullen@email.ie
U01623,Eimear,Burke,eimear.burke@email.ie
U01624,Niamh,Power,niamh.power@email.ie
U01625,Grainne,Farrell,grainne.farrell@email.ie
U01626,Niamh,Hogan,niamh.hogan@email.ie
U01627,Patrick,Dunne,patrick.dunne@email.ie
U01628,Noel,Nolan,noel.nolan@email.ie
U01629,Conor,Lynch,conor.lynch@email.ie
U01630,Cormac,Foley,cormac.foley@email.ie
U01631,Saoirse,McCarthy,saoirse.mccarthy@email.ie
U01632,Eimear,Kavanagh,eimear.kavanagh@email.ie
U01633,Grainne,McCarthy,grainne.mccarthy@email.ie
U01634,Cathal,Power,cathal.power@email.ie
U01635,Liadh,O'Neill,liadh.oneill@email.ie
U01636,Fergus,Nolan,fergus.nolan@email.ie
U01637,Ciarán,Hogan,ciarán.hogan@email.ie
U01638,Noel,Boyle,noel.boyle@email.ie
U01639,Sean,Byrne,sean.byrne@email.ie
U01640,Clodagh,Lawlor,clodagh.lawlor@email.ie
U01641,Patrick,Flanagan,patrick.flanagan@email.ie
U01642,Oisin,Burke,oisin.burke@email.ie
U01643,Barry,Daly,barry.daly@email.ie
U01644,Colm,Murray,colm.murray@email.ie
U01645,Blathnaid,Connolly,blathnaid.connolly@email.ie
U01646,Clodagh,Power,clodagh.power@email.ie
U01647,Dermot,Doherty,dermot.doherty@email.ie
U01648,Darragh,Brennan,darragh.brennan@email.ie
U01649,Orla,Connolly,orla.connolly@email.ie
U01650,Kevin,Donnelly,kevin.donnelly@email.ie
U01651,Ruairi,Maguire,ruairi.maguire@email.ie
U01652,Eoin,Flynn,eoin.flynn@email.ie
U01653,Dermot,Boyle,dermot.boyle@email.ie
U01654,Sorcha,Keenan,sorcha.keenan@email.ie
U01655,Brigid,Higgins,brigid.higgins@email.ie
U01656,Sean,Kavanagh,sean.kavanagh@email.ie
U01657,Blathnaid,Brennan,blathnaid.brennan@email.ie
U01658,Declan,Hogan,declan.hogan@email.ie
U01659,Sorcha,Connolly,sorcha.connolly@email.ie
U01660,Maeve,Maguire,maeve.maguire@email.ie
U01661,Tiernan,Murray,tiernan.murray@email.ie
U01662,Sean,Gallagher,sean.gallagher@email.ie
U01663,Brigid,Foley,brigid.foley@email.ie
U01664,Fionn,Foley,fionn.foley@email.ie
U01665,Barry,Murray,barry.murray@email.ie
U01666,Niamh,Farrell,niamh.farrell@email.ie
U01667,Ciara,Lynch,ciara.lynch@email.ie
U01668,Liam,Lynch,liam.lynch@email.ie
U01669,Fergus,Higgins,fergus.higgins@email.ie
U01670,Brian,Lynch,brian.lynch@email.ie
U01671,Sinead,Donnelly,sinead.donnelly@email.ie
U01672,Niamh,Doyle,niamh.doyle@email.ie
U01673,Fionn,Daly,fionn.daly@email.ie
U01674,Dermot,Walsh,dermot.walsh@email.ie
U01675,Killian,Clarke,killian.clarke@email.ie
U01676,Tiernan,Daly,tiernan.daly@email.ie
U01677,Padraig,Foley,padraig.foley@email.ie
U01678,Muireann,Brennan,muireann.brennan@email.ie
U01679,Ciara,Kennedy,ciara.kennedy@email.ie
U01680,Tiernan,Kelly,tiernan.kelly@email.ie
U01681,Killian,Lawlor,killian.lawlor@email.ie
U01682,Dermot,Brennan,dermot.brennan@email.ie
U01683,Orla,Hogan,orla.hogan@email.ie
U01684,Liadh,Doherty,liadh.doherty@email.ie
U01685,Muireann,Foley,muireann.foley@email.ie
U01686,Sean,Lynch,sean.lynch@email.ie
U01687,Orla,Moore,orla.moore@email.ie
U01688,Fionnuala,O'Connor,fionnuala.oconnor@email.ie
U01689,Darragh,Smith,darragh.smith@email.ie
U01690,Barry,Doyle,barry.doyle@email.ie
U01691,Conor,Lawlor,conor.lawlor@email.ie
U01692,Killian,Nolan,killian.nolan@email.ie
U01693,Siobhan,O'Brien,siobhan.obrien@email.ie
U01694,Saoirse,Mullen,saoirse.mullen@email.ie
U01695,Deirdre,Moore,deirdre.moore@email.ie
U01696,Darragh,Collins,darragh.collins@email.ie
U01697,Aisling,Kavanagh,aisling.kavanagh@email.ie
U01698,Aisling,Campbell,aisling.campbell@email.ie
U01699,Ciarán,Burke,ciarán.burke@email.ie
U01700,Ciarán,Farrell,ciarán.farrell@email.ie
U01701,Conor,Hogan,conor.hogan@email.ie
U01702,Ciarán,Hogan,ciarán.hogan@email.ie
U01703,Maeve,Nolan,maeve.nolan@email.ie
U01704,Tadhg,Gallagher,tadhg.gallagher@email.ie
U01705,Dermot,Johnston,dermot.johnston@email.ie
U01706,Clodagh,Kennedy,clodagh.kennedy@email.ie
U01707,Eimear,Brennan,eimear.brennan@email.ie
U01708,Caoimhe,Maguire,caoimhe.maguire@email.ie
U01709,Fergus,Kavanagh,fergus.kavanagh@email.ie
U01710,Fionn,Sheridan,fionn.sheridan@email.ie
U01711,Padraig,Ryan,padraig.ryan@email.ie
U01712,Deirdre,Nolan,deirdre.nolan@email.ie
U01713,Patrick,Farrell,patrick.farrell@email.ie
U01714,Ciarán,Ryan,ciarán.ryan@email.ie
U01715,Darragh,Lynch,darragh.lynch@email.ie
U01716,Saoirse,O'Brien,saoirse.obrien@email.ie
U01717,Dermot,Sheridan,dermot.sheridan@email.ie
U01718,Noel,Hogan,noel.hogan@email.ie
U01719,Muireann,Collins,muireann.collins@email.ie
U01720,Oisin,Lawlor,oisin.lawlor@email.ie
U01721,Donnacha,Byrne,donnacha.byrne@email.ie
U01722,Conor,Boyle,conor.boyle@email.ie
U01723,Cathal,Walsh,cathal.walsh@email.ie
U01724,Cormac,Kelly,cormac.kelly@email.ie
U01725,Muireann,Kavanagh,muireann.kavanagh@email.ie
U01726,Fergus,Hogan,fergus.hogan@email.ie
U01727,Liam,Foley,liam.foley@email.ie
U01728,Muireann,Smith,muireann.smith@email.ie
U01729,Brendan,Walsh,brendan.walsh@email.ie
U01730,Nuala,Dunne,nuala.dunne@email.ie
U01731,Eoin,Ryan,eoin.ryan@email.ie
U01732,Sean,Sheridan,sean.sheridan@email.ie
U01733,Kevin,Nolan,kevin.nolan@email.ie
U01734,Sinead,Flanagan,sinead.flanagan@email.ie
U01735,Aoife,Byrne,aoife.byrne@email.ie
U01736,Kevin,Sheridan,kevin.sheridan@email.ie
U01737,Roisin,Smith,roisin.smith@email.ie
U01738,Clodagh,Moore,clodagh.moore@email.ie
U01739,Saoirse,Murphy,saoirse.murphy@email.ie
U01740,Blathnaid,Brennan,blathnaid.brennan@email.ie
U01741,Maeve,Walsh,maeve.walsh@email.ie
U01742,Conor,Kelly,conor.kelly@email.ie
U01743,Sorcha,O'Brien,sorcha.obrien@email.ie
U01744,Aisling,O'Sullivan,aisling.osullivan@email.ie
U01745,Caoimhe,Nolan,caoimhe.nolan@email.ie
U01746,Seamus,Nolan,seamus.nolan@email.ie
U01747,Dermot,Keenan,dermot.keenan@email.ie
U01748,Blathnaid,Ryan,blathnaid.ryan@email.ie
U01749,Orla,Nolan,orla.nolan@email.ie
U01750,Eoin,Flynn,eoin.flynn@email.ie
U01751,Barry,Doyle,barry.doyle@email.ie
U01752,Liadh,Boyle,liadh.boyle@email.ie
U01753,Roisin,Flynn,roisin.flynn@email.ie
U01754,Brigid,Donnelly,brigid.donnelly@email.ie
U01755,Brigid,Donnelly,brigid.donnelly@email.ie
U01756,Liam,Flynn,liam.flynn@email.ie
U01757,Ruairi,Flanagan,ruairi.flanagan@email.ie
U01758,Declan,O'Connor,declan.oconnor@email.ie
U01759,Eoin,Murray,eoin.murray@email.ie
U01760,Donnacha,Campbell,donnacha.campbell@email.ie
U01761,Ruairi,Smith,ruairi.smith@email.ie
U01762,Ciarán,Reilly,ciarán.reilly@email.ie
U01763,Killian,O'Neill,killian.oneill@email.ie
U01764,Fionn,Flanagan,fionn.flanagan@email.ie
U01765,Declan,Donnelly,declan.donnelly@email.ie
U01766,Donnacha,Dunne,donnacha.dunne@email.ie
U01767,Saoirse,Kelly,saoirse.kelly@email.ie
U01768,Nuala,Foley,nuala.foley@email.ie
U01769,Oisin,Murphy,oisin.murphy@email.ie
U01770,Caoimhe,Foley,caoimhe.foley@email.ie
U01771,Fionn,Walsh,fionn.walsh@email.ie
U01772,Deirdre,O'Reilly,deirdre.oreilly@email.ie
U01773,Kevin,Cullen,kevin.cullen@email.ie
U01774,Darragh,Daly,darragh.daly@email.ie
U01775,Aisling,Hennessy,aisling.hennessy@email.ie
U01776,Ronan,Flanagan,ronan.flanagan@email.ie
U01777,Fergus,O'Neill,fergus.oneill@email.ie
U01778,Ciarán,O'Connor,ciarán.oconnor@email.ie
U01779,Aisling,Reilly,aisling.reilly@email.ie
U01780,Tiernan,Brennan,tiernan.brennan@email.ie
U01781,Noel,Flanagan,noel.flanagan@email.ie
U01782,Colm,Hennessy,colm.hennessy@email.ie
U01783,Seamus,Johnston,seamus.johnston@email.ie
U01784,Brigid,Murphy,brigid.murphy@email.ie
U01785,Kevin,Doherty,kevin.doherty@email.ie
U01786,Eimear,Reilly,eimear.reilly@email.ie
U01787,Liam,O'Reilly,liam.oreilly@email.ie
U01788,Liadh,Boyle,liadh.boyle@email.ie
U01789,Declan,Collins,declan.collins@email.ie
U01790,Seamus,Reilly,seamus.reilly@email.ie
U01791,Eimear,Lynch,eimear.lynch@email.ie
U01792,Padraig,Lynch,padraig.lynch@email.ie
U01793,Fionnuala,O'Sullivan,fionnuala.osullivan@email.ie
U01794,Kevin,Keenan,kevin.keenan@email.ie
U01795,Tadhg,Power,tadhg.power@email.ie
U01796,Darragh,Mullen,darragh.mullen@email.ie
U01797,Cormac,O'Neill,cormac.oneill@email.ie
U01798,Caoimhe,Connolly,caoimhe.connolly@email.ie
U01799,Blathnaid,Daly,blathnaid.daly@email.ie
U01800,Kevin,Flynn,kevin.flynn@email.ie
U01801,Tadhg,Murray,tadhg.murray@email.ie
U01802,Donnacha,Keenan,donnacha.keenan@email.ie
U01803,Killian,Kavanagh,killian.kavanagh@email.ie
U01804,Fionn,O'Sullivan,fionn.osullivan@email.ie
U01805,Fionn,Hogan,fionn.hogan@email.ie
U01806,Ronan,Quinn,ronan.quinn@email.ie
U01807,Orla,Burke,orla.burke@email.ie
U01808,Maeve,Connolly,maeve.connolly@email.ie
U01809,Cathal,O'Brien,cathal.obrien@email.ie
U01810,Padraig,Collins,padraig.collins@email.ie
U01811,Clodagh,Moore,clodagh.moore@email.ie
U01812,Ronan,Connolly,ronan.connolly@email.ie
U01813,Caoimhe,Doyle,caoimhe.doyle@email.ie
U01814,Grainne,O'Sullivan,grainne.osullivan@email.ie
U01815,Eimear,Moore,eimear.moore@email.ie
U01816,Brian,O'Connor,brian.oconnor@email.ie
U01817,Aisling,Dunne,aisling.dunne@email.ie
U01818,Liadh,Gallagher,liadh.gallagher@email.ie
U01819,Fionnuala,Hogan,fionnuala.hogan@email.ie
U01820,Padraig,Donnelly,padraig.donnelly@email.ie
U01821,Brigid,Ryan,brigid.ryan@email.ie
U01822,Tadhg,Burke,tadhg.burke@email.ie
U01823,Ronan,Kavanagh,ronan.kavanagh@email.ie
U01824,Ronan,Foley,ronan.foley@email.ie
U01825,Barry,O'Reilly,barry.oreilly@email.ie
U01826,Colm,Smith,colm.smith@email.ie
U01827,Blathnaid,Doherty,blathnaid.doherty@email.ie
U01828,Orla,Murphy,orla.murphy@email.ie
U01829,Padraig,Flanagan,padraig.flanagan@email.ie
U01830,Killian,Flanagan,killian.flanagan@email.ie
U01831,Tadhg,O'Connor,tadhg.oconnor@email.ie
U01832,Kevin,Hogan,kevin.hogan@email.ie
U01833,Dermot,Donnelly,dermot.donnelly@email.ie
U01834,Patrick,Daly,patrick.daly@email.ie
U01835,Ronan,Mullen,ronan.mullen@email.ie
U01836,Padraig,Murphy,padraig.murphy@email.ie
U01837,Roisin,Nolan,roisin.nolan@email.ie
U01838,Ronan,Higgins,ronan.higgins@email.ie
U01839,Roisin,Smith,roisin.smith@email.ie
U01840,Kevin,Quinn,kevin.quinn@email.ie
U01841,Oisin,Mullen,oisin.mullen@email.ie
U01842,Darragh,Flynn,darragh.flynn@email.ie
U01843,Ronan,Walsh,ronan.walsh@email.ie
U01844,Donnacha,Walsh,donnacha.walsh@email.ie
U01845,Patrick,Ryan,patrick.ryan@email.ie
U01846,Fionn,O'Neill,fionn.oneill@email.ie
U01847,Orla,Brennan,orla.brennan@email.ie
U01848,Fergus,Power,fergus.power@email.ie
U01849,Brendan,Hennessy,brendan.hennessy@email.ie
U01850,Liadh,Brennan,liadh.brennan@email.ie
U01851,Conor,Clarke,conor.clarke@email.ie
U01852,Eoin,Brennan,eoin.brennan@email.ie
U01853,Declan,Byrne,declan.byrne@email.ie
U01854,Oisin,Reilly,oisin.reilly@email.ie
U01855,Padraig,Murray,padraig.murray@email.ie
U01856,Orla,Kavanagh,orla.kavanagh@email.ie
U01857,Declan,Maguire,declan.maguire@email.ie
U01858,Tiernan,Fitzgerald,tiernan.fitzgerald@email.ie
U01859,Aoife,Murphy,aoife.murphy@email.ie
U01860,Aoife,Lawlor,aoife.lawlor@email.ie
U01861,Eimear,Murphy,eimear.murphy@email.ie
U01862,Dermot,Campbell,dermot.campbell@email.ie
U01863,Blathnaid,Power,blathnaid.power@email.ie
U01864,Roisin,Murphy,roisin.murphy@email.ie
U01865,Caoimhe,Doherty,caoimhe.doherty@email.ie
U01866,Muireann,Daly,muireann.daly@email.ie
U01867,Tadhg,Kelly,tadhg.kelly@email.ie
U01868,Fionnuala,Quinn,fionnuala.quinn@email.ie
U01869,Brian,Connolly,brian.connolly@email.ie
U01870,Eimear,Power,eimear.power@email.ie
U01871,Donnacha,Hennessy,donnacha.hennessy@email.ie
U01872,Liam,McCarthy,liam.mccarthy@email.ie
U01873,Padraig,Walsh,padraig.walsh@email.ie
U01874,Deirdre,Farrell,deirdre.farrell@email.ie
U01875,Sorcha,Johnston,sorcha.johnston@email.ie
U01876,Ronan,Johnston,ronan.johnston@email.ie
U01877,Donnacha,McCarthy,donnacha.mccarthy@email.ie
U01878,Siobhan,Sheridan,siobhan.sheridan@email.ie
U01879,Aisling,Power,aisling.power@email.ie
U01880,Aoife,Maguire,aoife.maguire@email.ie
U01881,Aoife,Doyle,aoife.doyle@email.ie
U01882,Patrick,Murray,patrick.murray@email.ie
U01883,Caoimhe,Smith,caoimhe.smith@email.ie
U01884,Cormac,Power,cormac.power@email.ie
U01885,Sinead,Whelan,sinead.whelan@email.ie
U01886,Aoife,Murray,aoife.murray@email.ie
U01887,Fionnuala,Doyle,fionnuala.doyle@email.ie
U01888,Padraig,Lawlor,padraig.lawlor@email.ie
U01889,Niamh,Doherty,niamh.doherty@email.ie
U01890,Seamus,Clarke,seamus.clarke@email.ie
U01891,Fionn,O'Connor,fionn.oconnor@email.ie
U01892,Barry,Brennan,barry.brennan@email.ie
U01893,Cathal,Gallagher,cathal.gallagher@email.ie
U01894,Clodagh,Flynn,clodagh.flynn@email.ie
U01895,Clodagh,Keenan,clodagh.keenan@email.ie
U01896,Roisin,Doyle,roisin.doyle@email.ie
U01897,Caoimhe,Walsh,caoimhe.walsh@email.ie
U01898,Siobhan,Collins,siobhan.collins@email.ie
U01899,Darragh,Power,darragh.power@email.ie
U01900,Fionnuala,Connolly,fionnuala.connolly@email.ie
U01901,Ronan,McCarthy,ronan.mccarthy@email.ie
U01902,Ciarán,Dunne,ciarán.dunne@email.ie
U01903,Aisling,Farrell,aisling.farrell@email.ie
U01904,Sorcha,Fitzgerald,sorcha.fitzgerald@email.ie
U01905,Clodagh,Hogan,clodagh.hogan@email.ie
U01906,Patrick,Boyle,patrick.boyle@email.ie
U01907,Brigid,O'Brien,brigid.obrien@email.ie
U01908,Siobhan,Farrell,siobhan.farrell@email.ie
U01909,Oisin,Johnston,oisin.johnston@email.ie
U01910,Liadh,Murphy,liadh.murphy@email.ie
U01911,Eoin,McCarthy,eoin.mccarthy@email.ie
U01912,Padraig,Sheridan,padraig.sheridan@email.ie
U01913,Darragh,O'Sullivan,darragh.osullivan@email.ie
U01914,Donnacha,Quinn,donnacha.quinn@email.ie
U01915,Clodagh,Moore,clodagh.moore@email.ie
U01916,Colm,Gallagher,colm.gallagher@email.ie
U01917,Ronan,Johnston,ronan.johnston@email.ie
U01918,Brian,Cullen,brian.cullen@email.ie
U01919,Eoin,Cullen,eoin.cullen@email.ie
U01920,Blathnaid,Lawlor,blathnaid.lawlor@email.ie
U01921,Ciarán,Murphy,ciarán.murphy@email.ie
U01922,Maeve,Collins,maeve.collins@email.ie
U01923,Sean,Power,sean.power@email.ie
U01924,Maeve,Hogan,maeve.hogan@email.ie
U01925,Eoin,O'Connor,eoin.oconnor@email.ie
U01926,Padraig,Flynn,padraig.flynn@email.ie
U01927,Niamh,Ryan,niamh.ryan@email.ie
U01928,Blathnaid,Doherty,blathnaid.doherty@email.ie
U01929,Dermot,Lynch,dermot.lynch@email.ie
U01930,Niamh,O'Brien,niamh.obrien@email.ie
U01931,Cormac,Moore,cormac.moore@email.ie
U01932,Saoirse,Kennedy,saoirse.kennedy@email.ie
U01933,Kevin,Cullen,kevin.cullen@email.ie
U01934,Aoife,O'Neill,aoife.oneill@email.ie
U01935,Orla,Lynch,orla.lynch@email.ie
U01936,Sorcha,Clarke,sorcha.clarke@email.ie
U01937,Sorcha,Higgins,sorcha.higgins@email.ie
U01938,Declan,Whelan,declan.whelan@email.ie
U01939,Liam,Connolly,liam.connolly@email.ie
U01940,Ronan,Kavanagh,ronan.kavanagh@email.ie
U01941,Darragh,O'Sullivan,darragh.osullivan@email.ie
U01942,Donnacha,Burke,donnacha.burke@email.ie
U01943,Blathnaid,Doyle,blathnaid.doyle@email.ie
U01944,Aisling,Flanagan,aisling.flanagan@email.ie
U01945,Ronan,Byrne,ronan.byrne@email.ie
U01946,Noel,Ryan,noel.ryan@email.ie
U01947,Declan,Donnelly,declan.donnelly@email.ie
U01948,Killian,Mullen,killian.mullen@email.ie
U01949,Sorcha,Clarke,sorcha.clarke@email.ie
U01950,Roisin,Kavanagh,roisin.kavanagh@email.ie
U01951,Seamus,Lawlor,seamus.lawlor@email.ie
U01952,Noel,O'Sullivan,noel.osullivan@email.ie
U01953,Seamus,Lynch,seamus.lynch@email.ie
U01954,Noel,Farrell,noel.farrell@email.ie
U01955,Brian,Johnston,brian.johnston@email.ie
U01956,Darragh,Kelly,darragh.kelly@email.ie
U01957,Dermot,O'Neill,dermot.oneill@email.ie
U01958,Patrick,O'Sullivan,patrick.osullivan@email.ie
U01959,Donnacha,Connolly,donnacha.connolly@email.ie
U01960,Liadh,Connolly,liadh.connolly@email.ie
U01961,Patrick,O'Connor,patrick.oconnor@email.ie
U01962,Eimear,Foley,eimear.foley@email.ie
U01963,Brian,Daly,brian.daly@email.ie
U01964,Padraig,Murphy,padraig.murphy@email.ie
U01965,Aisling,Nolan,aisling.nolan@email.ie
U01966,Ciarán,Quinn,ciarán.quinn@email.ie
U01967,Patrick,Connolly,patrick.connolly@email.ie
U01968,Brian,Walsh,brian.walsh@email.ie
U01969,Seamus,Sheridan,seamus.sheridan@email.ie
U01970,Niamh,Keenan,niamh.keenan@email.ie
U01971,Liam,Smith,liam.smith@email.ie
U01972,Saoirse,Mullen,saoirse.mullen@email.ie
U01973,Oisin,Walsh,oisin.walsh@email.ie
U01974,Orla,McCarthy,orla.mccarthy@email.ie
U01975,Aisling,Campbell,aisling.campbell@email.ie
U01976,Barry,Higgins,barry.higgins@email.ie
U01977,Ciara,Murphy,ciara.murphy@email.ie
U01978,Fionn,Whelan,fionn.whelan@email.ie
U01979,Fionnuala,Mullen,fionnuala.mullen@email.ie
U01980,Aoife,Fitzgerald,aoife.fitzgerald@email.ie
U01981,Ruairi,Murray,ruairi.murray@email.ie
U01982,Kevin,Reilly,kevin.reilly@email.ie
U01983,Maeve,Kavanagh,maeve.kavanagh@email.ie
U01984,Cormac,Nolan,cormac.nolan@email.ie
U01985,Sinead,Murphy,sinead.murphy@email.ie
U01986,Dermot,Power,dermot.power@email.ie
U01987,Fergus,Quinn,fergus.quinn@email.ie
U01988,Aoife,Nolan,aoife.nolan@email.ie
U01989,Kevin,Kavanagh,kevin.kavanagh@email.ie
U01990,Sinead,Johnston,sinead.johnston@email.ie
U01991,Sinead,Keenan,sinead.keenan@email.ie
U01992,Caoimhe,Kelly,caoimhe.kelly@email.ie
U01993,Dermot,Johnston,dermot.johnston@email.ie
U01994,Noel,Daly,noel.daly@email.ie
U01995,Patrick,Keenan,patrick.keenan@email.ie
U01996,Cormac,Johnston,cormac.johnston@email.ie
U01997,Maeve,Lynch,maeve.lynch@email.ie
U01998,Fionnuala,Flanagan,fionnuala.flanagan@email.ie
U01999,Grainne,Kennedy,grainne.kennedy@email.ie
U02000,Barry,Farrell,barry.farrell@email.ie
